decision_number,text,déshérence et gestion des contrats,gouvernance et maîtrise des risques,lutte contre le blanchiment et le financement du terrorisme,protection de la clientèle,Autre
2013-03_bis,"CARDIF ASSURANCE VIE Procédure no 2013-03 bis _____ Blâme et sanction pécuniaire de 10 millions d’euros _____ Audience du 21 mars 2014 Décision rendue le 7 avril 2014 AUTORITÉ DE CONTRÔLE PRUDENTIEL ET DE RÉSOLUTION COMMISSION DES SANCTIONS _______________ Vu la lettre du 11 juillet 2013 par laquelle le Vice-président de l’Autorité de contrôle prudentiel (ACP), devenue l’Autorité de contrôle prudentiel et de résolution (ACPR), informe la Commission de ce que le Collège de l’ACP, statuant en sous-collège sectoriel de l’assurance, a décidé, lors de sa séance du 4 juillet 2013, d’ouvrir une procédure disciplinaire à l’encontre de la société CARDIF ASSURANCE VIE (ci-après CARDIF) ; cette procédure a été enregistrée sous le numéro 2013-03 bis ; Vu la notification de griefs du 11 juillet 2013 ; Vu les mémoires en défense des 16 septembre 2013 et 6 décembre 2013 et les pièces qui les accompagnent, par lesquels CARDIF (i) soutient à titre liminaire que la Commission doit prononcer sa mise hors de cause au motif que le contrôle sur place et la décision d’ouverture de cette procédure sont intervenus dans des conditions irrégulières, (ii) au fond, conteste l’intégralité des griefs notifiés et soutient n’avoir commis aucun manquement aux dispositions des articles L. 113-5, L. 132-5 et L. 132-8 du code des assurances, (iii) en cas de prononcé d’une sanction pécuniaire, demande à la Commission de tenir compte du contexte particulier dans lequel se sont déroulées les opérations de contrôle ainsi que des travaux de régularisation qu’elle a entrepris, (iv) demande que l’audience ne soit pas publique et que la décision à intervenir ne soit pas publiée ou à tout le moins qu’elle le soit sous une forme non nominative ; Vu les mémoires en réplique des 4 novembre 2013 et 15 janvier 2014 par lesquels M. Dominique THIRY, représentant le Collège de l’ACPR, (i) fait valoir que la décision d’ouverture de la présente procédure est régulière car aucune atteinte irrémédiable aux droits de la défense n’a affecté la phase de contrôle préalable et (ii) maintient l’intégralité des griefs notifiés ; Vu le procès-verbal de l’audition de M. Pierre de VILLENEUVE, président-directeur général de la société CARDIF, entendu à la demande du rapporteur le 28 novembre 2013, et les pièces qui y sont annexées ; Vu le rapport du 17 février 2014, dans lequel le rapporteur, M. Pierre FLORIN, après avoir numéroté les griefs de 1 à 4, estime que l’exception de procédure soulevée en défense doit être écartée dès lors que la société CARDIF n’établit pas que le principe d’impartialité et le principe de loyauté qui s’appliquent à la phase de contrôle préalable à la procédure disciplinaire ont été méconnus et qu’il en découlerait que ses droits de la défense ont été irrémédiablement compromis ; il estime par ailleurs qu’aucune règle de la Charte Décision de la Commission des sanctions – procédure no 2013-03 bis Autorité de contrôle prudentiel et de résolution – Commission des sanctions 2 du contrôle du secteur assurance ni aucune règle déontologique applicable au personnel de l’ACPR n’a été méconnue ; sur le fond, il estime que
de la Charte Décision de la Commission des sanctions – procédure no 2013-03 bis Autorité de contrôle prudentiel et de résolution – Commission des sanctions 2 du contrôle du secteur assurance ni aucune règle déontologique applicable au personnel de l’ACPR n’a été méconnue ; sur le fond, il estime que tous les griefs sont établis ; Vu les courriers du 17 février 2014 convoquant les parties à l’audience et les informant de la composition de la Commission des sanctions ; Vu le courrier du 25 février 2014 par lequel la société CARDIF demande la récusation de M. Rémi BOUCHEZ, Président de la Commission, de Mme Claudie ALDIGÉ et de M. Francis CRÉDOT ; Vu les observations de CARDIF du 4 mars 2014 en réponse au rapport du rapporteur ; Vu la décision du 12 mars 2014 par laquelle la Commission rejette les demandes de récusation présentées par la société CARDIF, ensemble les courriers du 12 mars 2014 informant M. BOUCHEZ, Mme ALDIGÉ et M. CRÉDOT ainsi que la société CARDIF de cette décision ; Vu les autres pièces du dossier, notamment le rapport de contrôle en date du 26 juin 2013 de MM. Geoffroy de VAUCELLES, responsable de la mission de contrôle, et Patrig HERBERT, contrôleur des pratiques commerciales ; Vu la Convention européenne de sauvegarde des droits de l’homme et des libertés fondamentales (ci- après CESDHLF) ; Vu le code des assurances, notamment ses articles L. 113-5, L. 132-5, L. 132-8 et L. 132-9-3 ; Vu le code monétaire et financier, notamment ses articles L. 612-38 et L. 612-41 et ses articles R. 612-35 à R. 612-51 ; Vu le règlement intérieur de la Commission des sanctions ; La Commission des sanctions de l’ACPR, composée de M. Rémi BOUCHEZ, Président, Mme Claudie ALDIGÉ et MM. Francis CRÉDOT, André ICARD et Marc SANSON ; Après avoir décidé de faire droit à la demande de la société CARDIF tendant à ce que l’audience ne soit pas publique et entendu, lors de sa séance du 21 mars 2014 : − M. Pierre FLORIN, rapporteur, assisté de MM. Jean-Manuel CLEMMER et Raphaël THÉBAULT, adjoints au rapporteur ; − M. Olivier JONGLEZ, représentant du directeur général du Trésor, qui a indiqué ne pas avoir d’observations à formuler ; − M. Dominique THIRY, représentant le Collège de l’ACPR, assisté de M. Henry de GANAY, directeur des affaires juridiques de l’ACPR, Mmes Cécilia COTTRAY et Céline GARIN-PIAT-DESVIAL, juristes au sein du service des affaires institutionnelles et du droit public, Mme Hélène ARVEILLER, chef du service de veille sur les contrats et les risques, et MM. Geoffroy de VAUCELLES et Patrig HERBERT, contrôleurs des pratiques commerciales ; M. THIRY a proposé le prononcé d’un blâme assorti d’une sanction pécuniaire de 15 millions d’euros, dans une décision publiée sous une forme nominative ; − M. Pierre de VILLENEUVE, président-directeur général de la société CARDIF, assisté de Mme Odile BOITTE, directrice juridique et fiscale, et de M. Bruno VALERSTEINAS, directeur du service clients France, ainsi que de Mes Richard GHUELDRE, Jean-Guillaume de TOCQUEVILLE et Olivier BERNARDI, avocats à la Cour, cabinet
forme nominative ; − M. Pierre de VILLENEUVE, président-directeur général de la société CARDIF, assisté de Mme Odile BOITTE, directrice juridique et fiscale, et de M. Bruno VALERSTEINAS, directeur du service clients France, ainsi que de Mes Richard GHUELDRE, Jean-Guillaume de TOCQUEVILLE et Olivier BERNARDI, avocats à la Cour, cabinet GIDE LOYRETTE NOUEL ; Décision de la Commission des sanctions – procédure no 2013-03 bis Autorité de contrôle prudentiel et de résolution – Commission des sanctions 3 Les représentants de la société CARDIF ayant eu la parole en dernier ; Après en avoir délibéré en la seule présence de M. Rémi BOUCHEZ, Président, Mme Claudie ALDIGÉ, MM. Francis CRÉDOT, André ICARD et Marc SANSON ; 1. Considérant que la société CARDIF ASSURANCE VIE (CARDIF dans la présente décision) est la filiale française d’assurance-vie de BNP PARIBAS CARDIF (ci-après BNPPC), entité du groupe BNP PARIBAS dédiée aux activités d’assurances de personnes et de dommages ; que, dépourvue de salariés en propre, elle délègue à un groupement d’intérêt économique (GIE) de moyens dénommé BNP PARIBAS CARDIF-GIE, qui lui refacture ensuite les coûts des services rendus, toutes les procédures administratives et de gestion des contrats d’assurance-vie portés à son bilan ; que le chiffre d’affaires de BNPPC pour 2012 s’élève à 18,4 milliards d’euros, dont 13,7 pour le marché français, tandis que, pour cette même année, celui de CARDIF est de 12,9 milliards d’euros, dont 10,9 pour ses activités en France ; que, pour l’activité vie en France, le montant total des provisions mathématiques de CARDIF s’élevait à 102,8 milliards d’euros à fin 2012, sa part de marché étant évaluée à 8,3 % pour 2011 ; que, depuis octobre 2013, M. Pierre de VILLENEUVE exerce les fonctions de président du conseil d’administration et directeur général de cette société, en remplacement de M. Eric LOMBARD ; 2. Considérant que la mission de contrôle sur place de CARDIF diligentée par l’ACP s’est déroulée du 29 mai au 6 juin 2013 et, après observations orales et écrites de la société contrôlée sur un projet de rapport établi le 7 juin 2013, a donné lieu à la signature d’un rapport final le 26 juin 2013 (le « rapport de contrôle ») ; qu’à l’issue de sa séance du 4 juillet 2013, le Collège de l’ACPR (sous-collège sectoriel assurance) a décidé d’ouvrir la présente procédure, dont la Commission des sanctions a été saisie le 11 juillet 2013 ; que sont reprochés à CARDIF des manquements aux dispositions relatives à l’obligation de recherche des bénéficiaires de contrats d’assurance-vie (1) et des manquements au dispositif de revalorisation des capitaux décès (2) ; que la Commission reprend à son compte la numérotation des griefs retenue par le rapporteur : Sur l’exception de procédure tirée de la nullité du contrôle, du rapport de contrôle et de la décision d’ouverture de la procédure disciplinaire 3. Considérant que la présente procédure disciplinaire a été engagée après qu’une précédente procédure, enregistrée sous le numéro 2013-03, a été ouverte à l’encontre de BNPPC, société mère de CARDIF, le 27 mars 2013 ; que le Collège a abandonné les
et de la décision d’ouverture de la procédure disciplinaire 3. Considérant que la présente procédure disciplinaire a été engagée après qu’une précédente procédure, enregistrée sous le numéro 2013-03, a été ouverte à l’encontre de BNPPC, société mère de CARDIF, le 27 mars 2013 ; que le Collège a abandonné les poursuites dans cette première affaire, désistement dont la Commission lui a donné acte le 14 novembre 2013 ; 4. Considérant qu’à titre liminaire CARDIF conteste, en raison des circonstances dans lesquelles ces deux affaires se sont succédé, l’impartialité de tous les organes de l’ACPR qui sont parties prenantes à la présente procédure ; qu’elle fait d’abord valoir, s’agissant du contrôle dont elle a fait l’objet, que les contrôleurs qui ont procédé à cette vérification, avec un ordre de mission identique (à l’exception de la personne concernée), sont les mêmes que ceux qui avaient préalablement contrôlé par erreur sa société mère ; qu’ils avaient nécessairement un avis préconçu sur les éléments qu’ils pourraient réunir lors du second contrôle ; qu’elle rappelle que la Cour européenne des droits de l’homme (ci-après la Cour EDH) promeut une interprétation extensive des garanties de l’article 6 de la Convention européenne de sauvegarde des droits de l’homme et des libertés fondamentales (CESDHLF), estimant que celles-ci sont applicables dès la phase préparatoire d’un procès et notamment lors de la phase d’enquête et que, encore récemment, cette cour a rappelé « qu’à maintes reprises, elle a considéré que les garanties de l’article 6 s’appliquaient à l’ensemble de la procédure, y compris aux phases de l’information préliminaire et de l’instruction judiciaire (voir, notamment, les arrêts Imbrioscia c. Suisse, 24 novembre 1993, § 36, et Pandy c. Belgique, no 13583/02, § 50, 21 septembre 2006) dans la mesure où leur inobservation initiale risque de compromettre gravement le caractère équitable du procès » (Cour EDH, 6 janvier 2010, Vera Fernandez-Huidobro) ; que le rapport de contrôle contient de nombreuses similitudes avec celui adressé à BNPPC et même la réplique exacte de Décision de la Commission des sanctions – procédure no 2013-03 bis Autorité de contrôle prudentiel et de résolution – Commission des sanctions 4 plusieurs de ses passages ; que les conclusions de ce rapport, rédigé après une mission de 7 jours (contre 146 pour la précédente), sont similaires à celles du premier et que les griefs notifiés sont comparables à ceux qui avaient été notifiés à BNPPC ; que, selon CARDIF, ces circonstances caractérisent un grave défaut d’impartialité des contrôleurs et un processus déloyal utilisé par le Secrétariat général de l’ACPR pour légaliser les constats et conclusions relatifs à un précédent contrôle vicié, en méconnaissance des exigences résultant de l’article 6 de la CESDHLF ; qu’au surplus, les règles de déontologie applicables au personnel des services de l’ACPR et celles de la Charte du contrôle de l’ACPR applicable au secteur de l’assurance ont été méconnues ; que sont en conséquence établis un défaut d’impartialité « objective » et « subjective » des contrôleurs et une atteinte irrémédiable aux droits de la défense de CARDIF ; qu’ensuite, les formations du Collège qui ont
Charte du contrôle de l’ACPR applicable au secteur de l’assurance ont été méconnues ; que sont en conséquence établis un défaut d’impartialité « objective » et « subjective » des contrôleurs et une atteinte irrémédiable aux droits de la défense de CARDIF ; qu’ensuite, les formations du Collège qui ont successivement décidé de l’ouverture des deux procédures disciplinaires ci-dessus rappelées étaient presque identiques, l’attribution à la seconde du numéro 2013-03 bis montrant bien l’existence d’un lien de connexité avec la procédure no 2013-03 ; qu’une telle situation est incompatible avec les exigences d’impartialité et de neutralité dont doivent faire preuve les membres du Collège lorsqu’ils décident d’ouvrir une procédure disciplinaire et que les dispositions de l’article L. 612-10 du code monétaire et financier tendent à garantir ; que ces circonstances ont également fait naître un doute légitime quant à l’impartialité de M. BOUCHEZ, Mme ALDIGÉ et M. CRÉDOT, respectivement Président et membres de la Commission, qui délibéreront dans la présente affaire alors qu’ils ont délibéré sur le désistement des poursuites dans la précédente et ont, à ce titre, eu connaissance de pièces de ce premier dossier qui ne figurent pas dans le second, ce qui a pu influencer leur jugement ; qu’il existe aussi un doute quant à l’impartialité du rapporteur, qui d’ailleurs, dans son rapport, fait référence à des pièces qui figuraient dans le premier dossier mais pas dans le second ; qu’en conséquence, CARDIF estime devoir être mise hors de cause ; 5. Considérant que, dans ses arrêts du 21 septembre 1994 (Fayed c/ Royaume-Uni) et du 17 décembre 1996 (Saunders c/ Royaume-Uni), la Cour EDH a estimé que le fait d’assujettir aux garanties d’une procédure judiciaire une enquête administrative préparatoire, visant seulement à établir et consigner des faits susceptibles de servir de base à une action répressive ultérieure devant d’autres autorités compétentes, gênerait indûment la réglementation efficace, dans l’intérêt public, d’activités financières et commerciales complexes ; que l’analogie entre les droits dont disposent les personnes mises en cause dans le cadre d’une enquête de police judiciaire et d’un contrôle de l’ACPR doit en conséquence être rejetée ; que le Conseil d’État a, par deux décisions rendues à la suite de recours contre des décisions de sanction de l’AMF, jugé qu’en matière disciplinaire le principe de respect des droits de la défense s’applique seulement à la procédure de sanction ouverte par la notification de griefs ; qu’auparavant, les contrôles doivent se dérouler dans des conditions garantissant qu’il ne soit pas porté une atteinte irrémédiable aux droits de la défense des personnes auxquelles des griefs sont ensuite notifiés (CE, 15 mai 2013, société Alternative Leaders France, req. nos 356054 et 359477, CE, Société Générale et autre, 12 juin 2013, req. no 359245) ; 6. Considérant que l’argumentation de CARDIF tend à convaincre la Commission de ce qu’après le désistement intervenu dans la procédure engagée à l’encontre de BNPPC, société mère sans activité propre, alors qu’elle aurait dû l’être à l’encontre de CARDIF, sa filiale opérationnelle en assurance-vie, il ne pouvait plus être régulièrement diligenté un contrôle sur cette dernière ni ouvert
convaincre la Commission de ce qu’après le désistement intervenu dans la procédure engagée à l’encontre de BNPPC, société mère sans activité propre, alors qu’elle aurait dû l’être à l’encontre de CARDIF, sa filiale opérationnelle en assurance-vie, il ne pouvait plus être régulièrement diligenté un contrôle sur cette dernière ni ouvert à son encontre une procédure disciplinaire sur les mêmes questions, à savoir la gestion des contrats d’assurance-vie non réclamés ; que, toutefois, la procédure disciplinaire engagée à l’encontre de BNPPC a été close sans que la Commission des sanctions examine le fond de l’affaire ni qu’aucune décision puisse apparaître comme préjugeant les griefs ultérieurement notifiés à CARDIF, laquelle pouvait au demeurant s’attendre à ce que l’ACPR engage une nouvelle procédure après ce désistement ; que s’il est exact que les contrôleurs chargés du contrôle de CARDIF ont été les mêmes que ceux qui avaient contrôlé BNPPC, que le second contrôle s’est déroulé sur une période beaucoup plus courte que le premier et que le rapport visant CARDIF comporte des constats et conclusions proches de ceux du rapport qui visait BNPPC, ces circonstances ne sont ni étonnantes ni critiquables dès lors que le portefeuille de contrats d’assurance-vie ainsi que les moyens humains et matériels en cause sont, en réalité, les mêmes ; qu’il ne peut résulter de ces seules circonstances aucune méconnaissance du principe d’impartialité ni aucune atteinte irrémédiable aux droits de la défense de CARDIF, dès lors que cette société, qui n’invoque d’ailleurs aucun manquement précis des contrôleurs à leurs devoirs professionnels, a été en mesure de contester les constatations et conclusions de leur rapport avant sa signature, de même qu’elle a pu, lors de l’instruction de la présente procédure de sanction, discuter les griefs qui lui ont été notifiés ; que, s’agissant du Collège de supervision, aucun manquement à l’exigence Décision de la Commission des sanctions – procédure no 2013-03 bis Autorité de contrôle prudentiel et de résolution – Commission des sanctions 5 d’impartialité ne peut se déduire de la seule circonstance que l’ouverture de la procédure disciplinaire à l’encontre de CARDIF, le 11 juillet 2013, a fait suite à un désistement de la poursuite dans la procédure ouverte le 27 mars 2013 à l’encontre de BNPPC, sa société mère ; que, de même, dans sa décision susvisée du 14 novembre 2013, la Commission s’est bornée à donner acte du désistement de l’autorité de poursuite, ce qui ne revient au demeurant pas à « mettre hors de cause » BNPPC ni à « déclarer nulle et non avenue » la procédure qui avait visé cette société, et elle n’a en rien statué sur les griefs qui avaient été notifiés à BNPPC, sur lesquels aucun de ses membres n’a exprimé d’opinion, de sorte que l’impartialité des membres délibérants de la Commission ne saurait être suspectée, non plus que celle de son rapporteur ; que si, dans son rapport, le rapporteur a mentionné un reproche relatif à la gestion des contrats de prévoyance et d’épargne qui figurait dans le rapport de contrôle BNPPC puis parmi les griefs notifiés à cet organisme mais n’a
saurait être suspectée, non plus que celle de son rapporteur ; que si, dans son rapport, le rapporteur a mentionné un reproche relatif à la gestion des contrats de prévoyance et d’épargne qui figurait dans le rapport de contrôle BNPPC puis parmi les griefs notifiés à cet organisme mais n’a pas été repris dans la présente procédure, c’est à titre de présentation du contexte, et non à l’appui de son appréciation sur les griefs notifiés, lesquels ne se fondent pas sur ces éléments ; que la mention de ces contrats figure bien dans le rapport de contrôle CARDIF, qui fait partie du dossier de la présente procédure et qu’au demeurant le rapport de contrôle de BNPPC et la lettre de griefs qui lui a été ensuite adressée figurent dans le dossier de la présente procédure, auquel ils ont été intégrés après que CARDIF les eut joints à son premier mémoire en défense ; qu’ainsi, l’exception de procédure soulevée par CARDIF ne peut qu’être écartée dans toutes ses branches ; Au fond 7. Considérant que les griefs notifiés seront examinés selon la numérotation retenue par le rapporteur : 1. Sur le respect de l’obligation de recherche des bénéficiaires (griefs 1 à 3) 1.1. Sur l’obligation de recherche des bénéficiaires après obtention d’une information de décès (grief 1) 1.2. Sur les constatations issues de la revue de 80 dossiers (grief 2) 1.3. Sur le suivi de l’évolution du stock de dossiers décès (grief 3) 2. Sur le dispositif de revalorisation des capitaux décès (grief 4) 1. Sur le respect de l’obligation de recherche des bénéficiaires 1.1. Sur l’obligation de recherche des bénéficiaires après obtention d’une information de décès 8. Considérant que le dernier alinéa de l’article L. 132-8 du code des assurances, introduit par la loi no 2007-1175 du 17 décembre 2007 permettant la recherche des bénéficiaires des contrats d’assurance sur la vie non réclamés et garantissant les droits des assurés, prévoit que : « Lorsque l’assureur est informé du décès de l’assuré, l’assureur est tenu de rechercher le bénéficiaire, et, si cette recherche aboutit, de l’aviser de la stipulation effectuée à son profit » ; qu’aux termes de l’article L. 132-9-3 du même code introduit par cette même loi « I. - Les entreprises d'assurance mentionnées au 1o de l'article L. 310-1 du présent code ainsi que les institutions de prévoyance et unions régies par le titre III du livre IX du code de la sécurité sociale s'informent, au moins chaque année, dans les conditions prévues au II du présent article, du décès éventuel de l'assuré. / II. - Les organismes professionnels mentionnés à l'article L. 132-9-2 sont autorisés à consulter les données figurant au répertoire national d'identification des personnes physiques et relatives au décès des personnes qui y sont inscrites. Les entreprises d'assurance ainsi que les institutions de prévoyance et unions mentionnées au I obtiennent de ces organismes professionnels communication de ces données en vue d'effectuer des traitements de données nominatives. Ces traitements ont pour objet la recherche des assurés et bénéficiaires des contrats d'assurance sur la vie décédés » ; 9.
d'assurance ainsi que les institutions de prévoyance et unions mentionnées au I obtiennent de ces organismes professionnels communication de ces données en vue d'effectuer des traitements de données nominatives. Ces traitements ont pour objet la recherche des assurés et bénéficiaires des contrats d'assurance sur la vie décédés » ; 9. Considérant que, selon le grief 1, « À compter du 1er semestre 2010 et jusqu’au mois d’avril 2011, CARDIF ASSURANCE VIE a effectué ses premières consultations par lots du « Répertoire national d’identification des personnes physiques » (RNIPP) en application des dispositions de l’article L. 132-9-3 du code des assurances qui imposent aux assureurs de s’informer du décès éventuel de leurs assurés par ce Décision de la Commission des sanctions – procédure no 2013-03 bis Autorité de contrôle prudentiel et de résolution – Commission des sanctions 6 moyen. Ces consultations par lots ont permis d’obtenir 8 194 informations de décès, pour un montant total de capitaux décès évalué à 95,4 millions d’euros. / En application de l’article L. 132-8 précité, CARDIF ASSURANCE VIE était tenue de rechercher les bénéficiaires de l’ensemble des contrats concernés. Pourtant, jusqu’en avril 2011, CARDIF ASSURANCE VIE a introduit des critères de sélection établis sur la base du montant de provision mathématique des contrats (200 euros puis 1 000 euros à compter du 1er janvier 2011), afin de déterminer ceux devant faire l’objet d’un traitement en vue de rechercher les bénéficiaires par une « task force », mise en place entre les mois de juillet 2010 et avril 2011. Les dossiers n’entrant pas dans ces critères n’ont fait l’objet d’aucune autre démarche, à l’initiative de CARDIF ASSURANCE VIE, en vue de rechercher les bénéficiaires. / Décidant de considérer ces dossiers comme toujours en cours, CARDIF ASSURANCE VIE n’a pas sollicité à leur égard d’acte de décès visant à se voir confirmer l’information de décès obtenue suite à la consultation du RNIPP. / Dans ces conditions, CARDIF ASSURANCE VIE s’est privée, pour les dossiers concernés, de toute possibilité d’initier une recherche de bénéficiaires. / Ainsi, sur les 8 194 informations de décès obtenues par les consultations du RNIPP, 4 003 dossiers, soit 48,8 %, n’ont jamais été instruits à l’initiative de CARDIF ASSURANCE VIE. Le montant exact des capitaux décès concernés par ces dossiers n’a pu être communiqué par l’organisme. En revanche, d’après les indications de CARDIF ASSURANCE VIE, sur ces 4 003 dossiers, 2 792 auraient été instruits ou réglés ultérieurement (entre avril 2011 et novembre 2012) dans le cadre de la gestion courante des dossiers en cours, à la suite d’une manifestation volontaire des bénéficiaires » ; 10. Considérant que la société CARDIF fait tout d’abord valoir que si l’article L. 132-8 du code des assurances impose à l’assureur de rechercher le bénéficiaire du contrat une fois obtenue l’information du décès de l’assuré, la consultation des informations extraites du répertoire national d’identification des personnes physiques (ci-après RNIPP) prévue par l’article L. 132-9-3 ne permet de connaître que son décès « éventuel » ; qu’il ne résulte pas des dispositions de ces articles qu’une information issue de la
obtenue l’information du décès de l’assuré, la consultation des informations extraites du répertoire national d’identification des personnes physiques (ci-après RNIPP) prévue par l’article L. 132-9-3 ne permet de connaître que son décès « éventuel » ; qu’il ne résulte pas des dispositions de ces articles qu’une information issue de la consultation du RNIPP déclenche à elle seule l’obligation de recherche du bénéficiaire, seul un acte de décès ayant à cet égard le caractère d’une information probante ; qu’ainsi, lorsqu’un assureur est informé d’un décès éventuel après avoir consulté le RNIPP, il doit chercher confirmation de cette information en sollicitant un acte officiel auprès des services de l’état civil ; que l’utilisation de l’information résultant de la seule consultation du fichier RNIPP pourrait s’avérer contraire aux intérêts des assurés et des bénéficiaires en conduisant l’assureur à révéler l’existence de clauses bénéficiaires d’un contrat alors que l’assuré n’est pas décédé ; qu’outre la consultation de ce registre, CARDIF a notamment mis en place deux « task forces » successives et renforcé l’effectif de ses équipes de gestion courante de 33 %, ainsi que les moyens qui leur sont affectés, pour un coût total de 8 millions d’euros ; que toutes les informations recueillies lors des consultations du RNIPP ont été instruites, dont 85 % avant la mission de contrôle, dans un délai raisonnable de deux ans ; que la société CARDIF soutient ensuite qu’elle a procédé, dès 2010, à de larges consultations du fichier RNIPP, ce à quoi elle n’était pas tenue en l’absence de précisions dans les dispositions applicables quant au périmètre de ces consultations, qui ont conduit à identifier un volume important de dossiers (8 194) ; que le législateur a laissé aux assureurs la liberté d’organiser le processus de leurs recherches et que les organismes représentatifs de la profession de l’assurance ont préconisé l’utilisation de certains critères visant à fixer un ordre de priorité pour le traitement de contrats non réclamés ; que la gestion de ce stock important, rendue difficile en raison de l’ancienneté et de la complexité de nombreuses situations et des cas d’homonymie, impliquait nécessairement que le traitement soit étalé dans le temps ; que les moyens nécessaires ont néanmoins été mis en œuvre, notamment par le recours à une « task force » ; que si des critères de priorité ont été mis en place, cela n’a pas impliqué que les dossiers non prioritaires ne feraient l’objet d’aucun traitement, puisqu’ils ont été intégrés dans la gestion courante des successions pour être instruits et réglés ; que dans 70 % environ de ces dossiers (soit 2 792 sur 4 003), des notaires et bénéficiaires se sont manifestés rapidement auprès de la société ; que le fait que certains aient été instruits à la suite de l’intervention d’un tiers est sans incidence ; qu’au 10 septembre 2013, 99,5 % des informations issues des premières consultations avaient été instruites, et la totalité au 25 septembre 2013 à la suite de la mise en place d’une nouvelle « task force », alors que la loi ne prévoit aucun délai impératif de
est sans incidence ; qu’au 10 septembre 2013, 99,5 % des informations issues des premières consultations avaient été instruites, et la totalité au 25 septembre 2013 à la suite de la mise en place d’une nouvelle « task force », alors que la loi ne prévoit aucun délai impératif de traitement ; que de tels délais de traitement sont raisonnables au regard du nombre de dossiers à régler et de la complexité de certains d’entre eux ; 11. Considérant que, contrairement à ce que soutient CARDIF, les dispositions combinées du dernier alinéa de l’article L. 132-8 et de l’article L. 132-9-3 du code des assurances doivent être interprétées en ce Décision de la Commission des sanctions – procédure no 2013-03 bis Autorité de contrôle prudentiel et de résolution – Commission des sanctions 7 sens que les informations recueillies par consultation du RNIPP déclenchent, pour l’assureur, l’obligation d’une recherche active du bénéficiaire du contrat d’assurance-vie, même si cette recherche doit, le cas échéant, être précédée ou assortie de la vérification du décès de l’assuré ; que le respect de l’obligation de rechercher les bénéficiaires, qui est en effet une obligation de moyens, s’apprécie surtout en fonction des diligences faites à cette fin dans chaque cas ; qu’il ressort à cet égard du dossier que CARDIF a décidé de ne faire exploiter par la « task force » mise en place à cette fin que certaines des informations reçues à la suite des consultations du RNIPP en 2010 et 2011, selon ses propres critères (8 194 informations ont été reçues, 4 191 ont été ainsi exploitées) ; que, pour le reste des informations reçues (soit 4 003), les dossiers ont été, selon ses observations, maintenus dans le cadre de la « gestion courante » qui correspond au « processus normal de traitement des successions », sans action particulière de recherche du bénéficiaire ni dispositif permettant la traçabilité des contrats en cause en vue d’un traitement spécifique ultérieur ; que le recours à des critères de sélection a donc abouti, en l’espèce, à exclure de la démarche de recherche active de bénéficiaires un nombre important de contrats, ce qui a conduit, pour 2 792 d’entre eux (34 % du total des informations recueillies), à attendre qu’un tiers se manifeste alors que CARDIF était informée du décès à la suite de la consultation du RNIPP ; que cette sélection de dossiers, pour des raisons d’insuffisance de moyens mis en place par CARDIF, a en outre eu pour effet une inégalité de traitement des bénéficiaires de contrats d’assurance-vie contraire aux dispositions de l’article L. 132-8 du code des assurances combinées avec celles de l’article L. 132-9-3 de ce code, qui imposent aux assureurs de mettre en œuvre les moyens nécessaires pour traiter sans aucune distinction l’ensemble des dossiers pour lesquels une information de décès par interrogation du fichier RNIPP a été obtenue ; que le droit d’accès au RNIPP étant devenu opérationnel en mars 2009 après que la CNIL eut validé la convention signée en 2008 par l’INSEE et l’AGIRA 2, c’est à partir de cette date
dossiers pour lesquels une information de décès par interrogation du fichier RNIPP a été obtenue ; que le droit d’accès au RNIPP étant devenu opérationnel en mars 2009 après que la CNIL eut validé la convention signée en 2008 par l’INSEE et l’AGIRA 2, c’est à partir de cette date que le manquement doit être apprécié ; que les actions de CARDIF entreprises, après la mission de contrôle sur place, afin d’achever le traitement des dossiers issus des consultations du fichier RNIPP en 2010 et 2011 et qui, selon l’établissement, ont abouti au traitement intégral des dossiers à la date du 25 septembre 2013, sont tardives au regard de la date à laquelle CARDIF a été informée du décès des intéressés et, en conséquence, sans influence sur le bien-fondé du grief, qui est donc établi ; 1.2. Sur les constatations issues de la revue de 80 dossiers 12. Considérant que, selon le grief 2, il résulte de la revue d’une sélection de 80 dossiers non réglés plus de deux ans à compter de la date de connaissance du décès que les moyens et procédures mis en œuvre pour rechercher les bénéficiaires ont été insuffisants dans 51 dossiers (64 % des dossiers revus), alors même que les capitaux en cause pouvaient être importants ; que ces derniers représentent en tout un peu plus de 4 millions d’euros de capitaux décès ; que la poursuite retient qu’il a été constaté que dans 39 dossiers (représentant 49 % des dossiers revus), le suivi a été abandonné parfois pendant plusieurs années ; que dans 11 dossiers (14 %), le délai écoulé entre deux actions de recherche des bénéficiaires a été particulièrement long et que, dans un cas, la première action de recherche a été lancée très tardivement (près de 3 ans après la connaissance du décès) ; qu’il est aussi reproché à CARDIF de ne pas avoir conclu de convention avec un cabinet de généalogie alors qu’en 2010-2011, un échantillon test de dossiers avec ce type de prestataire s’est révélé concluant (100 % de réussite) ; que, selon la poursuite, il ressort de ces éléments que CARDIF n’a pas mis en place les moyens et procédures suffisants pour respecter son obligation de recherche des bénéficiaires prévue par l’article L. 132-8 du code des assurances ; 13. Considérant qu’en défense, CARDIF soutient, tout d’abord, que l’obligation de recherche du bénéficiaire du contrat prévue par l’article L. 132-8 du code des assurances est une obligation de moyens ; que cet article en définit le principe sans en préciser les modalités ni le délai de mise en œuvre ; que l’appréciation du respect d’une telle obligation est indépendante des résultats de la recherche du bénéficiaire ; qu’ont été déployés des moyens humains complémentaires, par l’augmentation des effectifs de recherche consacrés aux successions de 33 % entre 2008 et 2013 et par la mise en place successive de deux « task forces » entre 2008 et 2013, l’action de la seconde ayant permis de traiter 51 % des informations issues des informations du RNIPP ; que le coût total de
consacrés aux successions de 33 % entre 2008 et 2013 et par la mise en place successive de deux « task forces » entre 2008 et 2013, l’action de la seconde ayant permis de traiter 51 % des informations issues des informations du RNIPP ; que le coût total de ces moyens s’est élevé, sur cette même période, à plus de 8 millions d’euros ; que CARDIF indique en outre s’être dotée d’une organisation permettant une meilleure exploitation des informations collectées, mettant en évidence que plus de 70 % des contrats réglés le sont en moins de 120 jours ; que l’échantillon retenu par la mission, qui a refusé de l’élargir comme cela Décision de la Commission des sanctions – procédure no 2013-03 bis Autorité de contrôle prudentiel et de résolution – Commission des sanctions 8 lui était demandé, ne pouvait servir de base à l’appréciation des moyens mis en œuvre car il contient des dossiers anciens et complexes, pour lesquels, dans 64 % des cas, la connaissance du décès de l’assuré remontait à plus de 8 ans, alors que de tels dossiers ne représentent que 14 % du stock de contrats au 6 février 2012 et que le taux de réussite des recherches décroît fortement avec l’ancienneté des dossiers ; que l’échantillon de 51 dossiers représentant environ 4 millions d’euros n’est pas représentatif, CARDIF ayant, à titre de comparaison, reçu 26 000 déclarations et réglé 36 000 sinistres pour 1,4 milliard d’euros en 2012 ; que la mission n’a pas tenu compte des difficultés pratiques ni du manque de coopération des notaires dans la recherche des bénéficiaires, ce qu’illustrent les contrats souscrits par Mmes A1 et A2, CARDIF étant incapable, malgré ses efforts, de localiser les bénéficiaires de ces contrats ; que le rapport de contrôle retient comme « défaillants » des dossiers qui peuvent être regardés comme difficiles ou complexes et qui exigeaient des moyens supplémentaires ou des méthodes différentes ; que la complexité de ces dossiers est démontrée par le fait que, sur 38 dossiers confiés à un généalogiste en septembre 2013, seuls 5 dossiers ont pu aboutir à ce jour ; que le rapport procède à une classification arbitraire entre 10 dossiers « difficiles », 42 dossiers « évidemment trop passifs » et 7 dossiers « relativement passifs » ; qu’il met en cause de manière infondée la qualité et la compétence des équipes de la « task force » ; qu’a été mise en œuvre une série de mesures préventives visant à améliorer la recherche des bénéficiaires (amélioration de la rédaction des clauses bénéficiaires, information annuelle adressée à l’ensemble des clients, sans limitation aux contrats dont la provision mathématique excède 2 000 euros ainsi que divers moyens pour satisfaire aux obligations de CARDIF en matière de recherche des bénéficiaires ; que des documents témoignent des actions entreprises depuis 2009, dont la note « contrats et capitaux en déshérence » du 4 juin 2009, qui prévoit notamment des actions spécifiques concernant les adhérents d’un grand âge, mentionne l’utilisation par CARDIF de l’accès au fichier INSEE et évoque la
des bénéficiaires ; que des documents témoignent des actions entreprises depuis 2009, dont la note « contrats et capitaux en déshérence » du 4 juin 2009, qui prévoit notamment des actions spécifiques concernant les adhérents d’un grand âge, mentionne l’utilisation par CARDIF de l’accès au fichier INSEE et évoque la mise en place du recours à un prestataire pour identifier les bénéficiaires des dossiers « bloqués » (5 000 contrats concernés pour 84 millions d’euros), une décision de la direction générale étant alors attendue sur ce point ; qu’en septembre 2009, un point a été réalisé sur les actions entreprises, notamment sur les adhérents d’un très grand âge, qui faisait ressortir les difficultés liées aux cas d’homonymie ; que, sur les 5 000 contrats bloqués, le lancement d’un appel d’offres devait aboutir fin septembre 2009 et qu’un test avec un généalogiste était prévu ; qu’une mission de l’Inspection Générale BNPP a conclu que la gestion des contrats non réclamés était globalement satisfaisante mais gagnerait à être davantage contrôlée ; 14. Considérant que, s’il convient de tenir compte de la démarche générale engagée, des procédures élaborées et des moyens affectés par l’assureur à la recherche des bénéficiaires, la vérification du respect de l’obligation issue des dispositions de l’article L. 132-8 du code des assurances impose surtout de rechercher, le cas échéant à partir d’un échantillon de contrats, quelles ont été les diligences entreprises dans le traitement des dossiers individuels ; qu’au regard des exigences des textes applicables, des défaillances dans le traitement de quelques dossiers sont susceptibles de caractériser un manquement ; que l’article L. 132-8 ne prévoyant aucun délai dans la mise en œuvre de l’obligation de recherche des bénéficiaires, celle-ci doit nécessairement être entreprise dès que le décès du souscripteur est connu ; que le déploiement en 2010-2011 d’une « task force » de même que les autres décisions mentionnées ne peuvent donc suffire à assurer le respect de cette obligation ; qu’au demeurant, bien que CARDIF ait sollicité les services d’un cabinet de généalogie en 2010-2011, à titre de test, sur un échantillon de dossiers qui s’est révélé parfaitement concluant, la convention avec ce type de prestataire n’était toujours pas signée à la fin du contrôle ; qu’en outre, le recours à une « task force », prestataire externe dont l’action a été complétée par l’intervention de 4 salariés en apprentissage dont un qui a travaillé sur l’identification des clients décédés ne semble pas adapté à la difficulté des dossiers ; que contrairement à ce que soutient CARDIF, l’échantillon de dossiers contrôlés illustre de manière objective les réussites ou les carences des procédures, des moyens ou des compétences qu’elle a affectés à des dossiers difficiles et n’avait donc pas à être élargi ; qu’il est à ce sujet pertinent d’examiner les diligences menées dans les dossiers pour lesquels la connaissance du décès est ancienne ; qu’apparaît dans le traitement de certains de ces dossiers une absence d’action pendant de longues périodes, que les difficultés pratiques de traitement ne peuvent excuser ; que l’absence de contrôles, notamment hiérarchiques, relève de cette
les diligences menées dans les dossiers pour lesquels la connaissance du décès est ancienne ; qu’apparaît dans le traitement de certains de ces dossiers une absence d’action pendant de longues périodes, que les difficultés pratiques de traitement ne peuvent excuser ; que l’absence de contrôles, notamment hiérarchiques, relève de cette insuffisance de moyens ; que si CARDIF soutient que la majorité des contrats réglés le sont en moins de 4 mois, le grief porte sur ceux des dossiers qui ne l’ont pas été dans ce délai ; que si la composition de l’échantillon s’écarte de celle du stock de contrats non réclamés, les dossiers de plus de 8 ans en représentant 64 % (et 33 % de l’encours) alors que, pour l’ensemble du portefeuille, ils ne représentent que 14 % du stock (et 5 % de l’encours), le pourcentage de dossiers pour lesquels le retard dans Décision de la Commission des sanctions – procédure no 2013-03 bis Autorité de contrôle prudentiel et de résolution – Commission des sanctions 9 l’identification du bénéficiaire est élevé demeure significatif ; que les deux exemples mis en avant par CARDIF ne permettent pas, dans le traitement de ces dossiers, de justifier l’inaction de la société pendant de longues périodes ; que, surtout, ils ne peuvent conduire à justifier les carences, caractérisées en particulier par de longues période sans aucune initiative pour rechercher le bénéficiaire, constatées dans les 49 autres dossiers dont le traitement a, à juste titre, été qualifié de défaillant par la mission de vérification ; que le grief 2 est donc établi ; 1.3. Sur le suivi de l’évolution du stock de dossiers décès 15. Considérant que le grief 3 énonce, s’agissant du suivi de l’évolution du stock de dossiers décès, que le rapport de contrôle fait apparaître que, si le taux de succès des démarches de recherche des bénéficiaires de contrats dénoués dont le décès de l’assuré était connu depuis plus d’un an était de 7 % en 2011 et de 11 % en 2012 , CARDIF n’a pas été en mesure de communiquer à la mission de contrôle ce taux pour les exercices antérieurs à 2011, ne disposant pas des archives permettant de réaliser cette étude ; que cette situation manifeste l’absence de suivi, d’une année sur l’autre, de l’évolution de ce stock de contrats dénoués et non réglés ; que, par ailleurs, sur 20 % de son stock de dossiers décès, CARDIF n’a pas pu, en raison de la configuration du système d’information utilisé, communiquer d’état des contrats pour lesquels le décès de l’assuré était connu et les recherches de bénéficiaires en cours, seules des estimations ayant pu être été fournies ; que le montant des capitaux décès non encore réglés correspondant au cumul sur 30 ans de l’ensemble des contrats de CARDIF en attente d’affectation de bénéficiaires depuis plus d’un an à compter de la connaissance du décès de l’assuré a été estimé par la société à 98 millions d’euros au 7 février 2012 et à 116 millions d’euros au 24 mai 2013 ; qu’il ressort de ces éléments que
de CARDIF en attente d’affectation de bénéficiaires depuis plus d’un an à compter de la connaissance du décès de l’assuré a été estimé par la société à 98 millions d’euros au 7 février 2012 et à 116 millions d’euros au 24 mai 2013 ; qu’il ressort de ces éléments que la société ne s’est pas dotée de moyens et procédures suffisants pour assurer un suivi précis et complet de ses stocks de dossiers décès, nécessaire pour piloter les actions pouvant contribuer au règlement de ces dossiers, dans le cadre de l’exécution de son obligation de recherche des bénéficiaires prévue par l’article L. 132-8 du code des assurances ; 16. Considérant qu’en défense, CARDIF soutient que l’article L. 132-8 du code des assurances ne lui impose pas la mise en place de moyens précis et que le non-respect de l’interprétation donnée a posteriori, par l’ACPR, de cette obligation, selon laquelle elle imposerait de disposer d’un outil de pilotage des stocks, ne suffit pas à caractériser un manquement disciplinaire ; que si les données relatives aux exercices antérieurs à 2011 ne peuvent être communiquées, ces données se retrouvent nécessairement dans les fichiers des années suivantes ; que le Collège n’explique pas dans quelle mesure un outil de pilotage aurait permis le règlement du stock ; que les données relatives à l’évolution du stock de dossiers décès depuis 2011 ont été communiquées à la mission de contrôle ; qu’à ce sujet la mise en place en mai 2013 d’un outil automatisé de suivi des dossiers (« workflow ») permettant de les gérer à chaque étape de leur instruction et de procéder à des relances automatisées ne constitue pas la reconnaissance du manquement mais exprime une volonté constante d’amélioration ; 17. Considérant que si seule une adaptation de l’organisation de l’établissement après l’entrée en vigueur de la loi du 17 décembre 2007, notamment la mise en place d’outils permettant le suivi complet et précis des stocks de contrats d’assurance-vie non réclamés, aurait permis de respecter pleinement les nouvelles dispositions relatives à l’identification des bénéficiaires, ni l’article L. 132-8 ni aucune disposition prise pour son application n’imposait explicitement la mise en place d’une telle organisation, de procédures et d’un dispositif de contrôle interne s’y rapportant ; que si un dispositif de suivi global du nombre et de l’encours des contrats non réclamés est évidemment très utile, du point de vue managérial, à une démarche de recherche active des bénéficiaires de ces contrats, il n’en constitue toutefois pas la condition nécessaire ; qu’en matière disciplinaire, les textes doivent s’interpréter strictement ; qu’en conséquence les carences constatées ne peuvent, au regard des dispositions de l’article L. 132-8 invoquées, être appréhendées qu’au stade de leurs conséquences éventuelles relatives à la recherche des bénéficiaires (grief 2) ; que le grief 3 doit donc être écarté ; Décision de la Commission des sanctions – procédure no 2013-03 bis Autorité de contrôle prudentiel et de résolution – Commission des sanctions 10 2. Sur le dispositif de revalorisation des capitaux décès 18. Considérant que, selon l’article L. 113-5 du code des assurances, de portée
doit donc être écarté ; Décision de la Commission des sanctions – procédure no 2013-03 bis Autorité de contrôle prudentiel et de résolution – Commission des sanctions 10 2. Sur le dispositif de revalorisation des capitaux décès 18. Considérant que, selon l’article L. 113-5 du code des assurances, de portée générale : « Lors de la réalisation du risque ou à l’échéance du contrat, l’assureur doit exécuter dans le délai convenu la prestation déterminée par le contrat et ne peut être tenu au-delà » ; que, selon le dernier alinéa de l’article L. 132-5 de ce code : « Le contrat d’assurance sur la vie comportant des valeurs de rachat précise les conditions dans lesquelles, en cas de décès, la revalorisation du capital garanti intervient à compter au plus tard du premier anniversaire du décès de l’assuré jusqu’à la réception des pièces mentionnées à l’article L. 132-23-1 » ; que ces dispositions ont été introduites par la loi no 2007-1775 du 17 décembre 2007 afin d’imposer aux assureurs de prévoir une revalorisation du capital garanti pour la période comprise entre le décès de l’assuré et le versement du bénéfice du contrat d’assurance au bénéficiaire ; 19. Considérant que, selon le grief 4, le dispositif de revalorisation applicable au sein de CARDIF jusqu’en avril 2013 ne permettait pas, pour la grande majorité de son portefeuille (représentant 95 % des provisions mathématiques au 31 décembre 2011), la revalorisation systématique des contrats imposée par la loi du 17 décembre 2007, cette revalorisation n’étant effectuée que sur demande ou réclamation du bénéficiaire ; que ces faits constituent un manquement aux dispositions des articles L. 113-5 et L. 132-5 du code des assurances ; 20. Considérant qu’en défense CARDIF soutient qu’elle s’est préoccupée, dès l’entrée en vigueur de la loi du 17 décembre 2007, de la mise en place de mesures liées à l’obligation de revalorisation des capitaux ; qu’une mission d’audit a été consacrée au sujet ; que cependant, cela nécessitait le lancement d’un projet d’ampleur, par nature long et complexe ; qu’en conséquence, il a été décidé, dans un premier temps, d’automatiser les revalorisations des nouveaux règlements puis de régulariser a posteriori les capitaux déjà versés aux bénéficiaires ; que le dispositif de revalorisation automatisée a été mis en place à partir d’avril 2013 ; que les contrats réglés depuis l’entrée en vigueur de la loi sont en cours de régularisation, dès le premier euro, par le versement d’une indemnité proportionnelle calculée au taux du livret A ; que 83 % des contrats ont été ainsi revalorisés ; que les capitaux décès sont par ailleurs valorisés aux conditions contractuellement prévues entre la date du décès et la date à laquelle CARDIF en a été informée ; que cette valorisation est ensuite complétée par une revalorisation annuelle à un taux représentant 60 % de celui des emprunts d’État en base semestrielle ; qu’elle a, après l’audit interne de mars 2011, revalorisé l’ensemble des contrats de 3,6 millions d’euros en leur appliquant le taux de capitalisation des contrats, dont 1,6 million d’euros correspondant à la période entre
annuelle à un taux représentant 60 % de celui des emprunts d’État en base semestrielle ; qu’elle a, après l’audit interne de mars 2011, revalorisé l’ensemble des contrats de 3,6 millions d’euros en leur appliquant le taux de capitalisation des contrats, dont 1,6 million d’euros correspondant à la période entre la date de connaissance du décès et la date de règlement ; qu’elle estime donc faire plus que ce que la loi impose ; que l’audit interne de mars 2011 ne permet d’établir aucun manquement sur ce point ; que la recommandation formulée par l’audit interne intéressait non pas le principe de la revalorisation mais ses modalités après la connaissance du décès, susceptibles de ne pas respecter les exigences légales après quelques années, alors même que la revalorisation appliquée par CARDIF pendant plusieurs années était plus avantageuse ; que le traitement réalisé en 2013, toujours très avantageux par rapport aux exigences légales, a permis de vérifier qu’aucun bénéficiaire n’avait été lésé ; que si la loi du 17 décembre 2007 pose un principe de revalorisation, elle laisse le soin aux établissements d’en définir le montant et le mode de calcul ; que dans ce cadre, CARDIF a tout d’abord assuré une valorisation effective des contrats jusqu’à la connaissance du décès, complétée par une revalorisation annuelle à un taux représentant 60 % du taux moyen des emprunts d’État ; 21. Considérant toutefois que l’audit interne de mars 2011 a fait apparaître que CARDIF ne respectait pas les dispositions de l’article L. 132-5 du code des assurances mentionnées ci-dessus prévoyant la revalorisation automatique des contrats d’assurance-vie comportant des valeurs de rachat, le montant de la revalorisation légale n’étant versé qu’en cas de réclamation des clients ; qu’une recommandation « high risk » a été formulée sur ce point par l’audit, visant à ce que tous les contrats entrant dans le périmètre de la loi du 17 décembre 2007 soient revalorisés avant le 31 mars 2012 ; que CARDIF ne s’est effectivement conformée à sa nouvelle obligation qu’à compter d’avril 2013 ; que le président-directeur général de CARDIF a précisé lors de son audition et à nouveau au cours de l’audience que, jusqu’en 2013, CARDIF procédait à la revalorisation des capitaux depuis la date du décès jusqu’à la date à laquelle elle avait connaissance de celui-ci mais pas pour la période postérieure s’étendant depuis la date du premier anniversaire du décès jusqu’à la date de règlement ; que la mise en place du dispositif de revalorisation Décision de la Commission des sanctions – procédure no 2013-03 bis Autorité de contrôle prudentiel et de résolution – Commission des sanctions 11 automatisée allant jusqu’à la date de règlement a été effective en avril 2013, soit plus de 4 ans après que cette nouvelle obligation eut été imposée ; que la régularisation a posteriori des règlements intervenus depuis 2008 ne devait être achevée qu’à la fin de l’année 2013 ; que cette mise en place et cette régularisation tardives caractérisent une violation de l’article L. 132-5 du code des assurances ; que la circonstance que les capitaux réglés
; que la régularisation a posteriori des règlements intervenus depuis 2008 ne devait être achevée qu’à la fin de l’année 2013 ; que cette mise en place et cette régularisation tardives caractérisent une violation de l’article L. 132-5 du code des assurances ; que la circonstance que les capitaux réglés auraient bénéficié d’une revalorisation totale de 3,6 millions d’euros, plus importante que celle obtenue par une simple application de cet article, est sans influence sur le bien-fondé du grief ; que le grief 4 est donc établi ; Conclusion 22. Considérant qu’il résulte de ce qui précède que CARDIF a tardé à respecter les dispositions de la loi du 17 décembre 2007 qui lui imposaient d’adopter une démarche active d’identification des assurés décédés et de recherche des bénéficiaires de ces contrats ; que les moyens mis en place, selon les explications du Président de CARDIF à l’audience, et qui représentent un coût total de 8 millions d’euros, ont été déployés trop tardivement pour traiter, dans un délai raisonnable, les informations sur la survenance de décès issues des consultations du RNIPP ; qu’ainsi, les investissements consacrés à l’élaboration d’un outil de suivi informatisé des dossiers ont démarré en 2012, permettant la livraison d’un premier lot en mai 2013 seulement ; que les dossiers correspondant aux informations issues des premières consultations du RNIPP n’ont été intégralement instruits que fin 2013, soit avec un délai de 3 ans ; que la démarche retenue par CARDIF à cet égard a en outre conduit, pour un nombre important d’informations issues de ces consultations, à n’entreprendre aucune recherche spécifique (grief 1) ; que, même s’il doit être tenu compte des difficultés particulières résultant de la surreprésentation, dans l’échantillon utilisé par la mission de contrôle, de cas dans lesquels la connaissance du décès était ancienne, l’examen de cet échantillon montre, dans une proportion élevée, une inertie de CARDIF pendant la période qui a suivi l’entrée en vigueur des dispositions de la loi du 17 décembre 2007, y compris lorsque les capitaux décès étaient d’un montant élevé (grief 2) ; que de plus, quelles qu’aient été les mesures ultérieurement mises en œuvre pour revaloriser les capitaux décès, l’absence de respect intégral des nouvelles dispositions, faute en particulier de mise en place d’emblée d’un dispositif de revalorisation automatique des sommes dues, constitue également un manquement grave aux obligations de l’assureur (grief 4) ; que ces insuffisances et ces retards se sont initialement traduits, pour CARDIF, par de moindres dépenses au regard de ce qui était nécessaire et par la conservation indue de sommes qui auraient dû être versées aux bénéficiaires ; qu’il en est résulté aussi un préjudice pour ceux-ci ainsi que, sur un plan plus général, un effet négatif quant à la confiance des assurés pour ces produits ; que doit être enfin prise en considération, dans la détermination de la sanction, l’assise financière de l’établissement poursuivi ; que CARDIF a réalisé en 2012 un résultat technique supérieur à 400 millions d’euros et que ses fonds propres au terme de ce même exercice s’élevaient à plus de 4 milliards d’euros
doit être enfin prise en considération, dans la détermination de la sanction, l’assise financière de l’établissement poursuivi ; que CARDIF a réalisé en 2012 un résultat technique supérieur à 400 millions d’euros et que ses fonds propres au terme de ce même exercice s’élevaient à plus de 4 milliards d’euros ; 23. Considérant cependant qu’il doit également être tenu compte, dans l’appréciation de la proportionnalité de la sanction, de ce que les premières consultations du RNIPP par CARDIF allaient au-delà de ce qui aurait résulté de la seule application des critères définis en décembre 2007 par la Fédération française des sociétés d’assurance (FFSA) (grief 1) ; que l’absence d’un outil de pilotage automatisé permettant d’effectuer un suivi précis et complet des stocks de dossiers décès, si elle constitue effectivement une carence, ne peut, indépendamment des constatations sur des dossiers individuels, être qualifiée de manquement aux dispositions de l’article L. 132-8 du code des assurances, en raison du caractère général de celles-ci (grief 3) ; qu’il ressort en outre des éléments du dossier que les insuffisances quant à la revalorisation des capitaux décès ont été régularisées dans des conditions qui n’ont, a posteriori, pas défavorisé les bénéficiaires (grief 4) ; qu’il résulte de tous ces éléments que la sanction pécuniaire prononcée doit être inférieure à la proposition formulée par le représentant du Collège ; qu’il convient ainsi de prononcer en répression des manquements retenus par la Commission un blâme assorti d’une sanction pécuniaire de 10 millions d’euros ; Décision de la Commission des sanctions – procédure no 2013-03 bis Autorité de contrôle prudentiel et de résolution – Commission des sanctions 12 24. Considérant que le préjudice résultant d’une publication de la présente décision sous une forme nominative ne paraît pas disproportionné ; qu’une telle publication n’est pas susceptible de perturber les marchés financiers ; qu’il y a donc lieu de publier la présente décision sous forme nominative ; PAR CES MOTIFS DÉCIDE : Article 1er : Il est prononcé un blâme à l’encontre de CARDIF ASSURANCE VIE, ainsi qu’une sanction pécuniaire de 10 millions d’euros. Article 2 : La présente décision sera publiée au registre de l’Autorité de contrôle prudentiel et de résolution et pourra être consultée au secrétariat de la Commission. Le Président de la Commission des sanctions [Rémi BOUCHEZ] Conseiller d’État Cette décision peut faire l’objet d’un recours dans un délai de deux mois à compter de sa notification et dans les conditions prévues à l’article L. 612-16, IV du code monétaire et financier.",1,0,0,0,0
2010-05,"Procédure no 2010-05 Avertissement _________ Audition du 12 mai 2011 Rendue le 26 mai 2011 AUTORITÉ DE CONTRÔLE PRUDENTIEL COMMISSION DES SANCTIONS ___________________________ Vu la lettre en date du 5 octobre 2010 par laquelle le Président du sous-collège « Banques » de l’Autorité de contrôle prudentiel (ACP) a saisi la Commission des sanctions afin qu’elle statue sur la procédure disciplinaire ouverte à l’égard de l’établissement de crédit A (ci après A) ; Vu la lettre du 4 octobre 2010 par laquelle le même Président a notifié à A l’ouverture de cette procédure disciplinaire, pour méconnaissance des dispositions législatives et réglementaires dans le domaine du contrôle interne et de la lutte contre le blanchiment de capitaux et de financement du terrorisme (LCB-FT), en particulier dans l’activité de réception-transmission d’ordres, alors même que l’établissement avait fait état de la mise en œuvre de mesures de renforcement dans ces domaines en réponse à la lettre de suite consécutive au précédent contrôle sur place ; Vu les écritures en défense de A en date du 25 novembre 2010 et leurs annexes, qui concluent à ce qu’aucune sanction ne soit prononcée ; Vu la lettre du 10 février 2011 de M. Thierry COSTE, membre désigné pour représenter le Collège de l’ACP, comprenant ses observations sur les écritures en défense du 25 novembre 2010 de l’établissement ; Vu les courriers en date du 11 mars 2011 par lesquels A apporte, d’une part, des observations complémentaires en défense et, d’autre part, des informations sur l’évolution récente de sa situation financière, de son activité et de ses résultats ; Vu la lettre du 8 avril 2011 de M. COSTE, comprenant des observations complémentaires du représentant du Collège de l’ACP ; Vu le courrier de A en date du 27 avril 2011, par lequel la banque apporte des observations complémentaires et confirme notamment sa demande que la sanction éventuellement prononcée ne révèle pas au public le nom de l’établissement ; Vu le courrier du 20 avril 2011 invitant le Président-Directeur général de A à se présenter à l’audience de la Commission des sanctions de l’ACP le 12 mai 2011 et le courrier adressé par celui-ci le 27 avril 2011 au chargé de la mise en l’état, demandant que l’audience ne soit pas publique ; Vu le courrier en date du 9 mai 2011 par lequel A a produit une dernière consultation juridique de droit suisse, qu’il avait pu adresser par voie électronique le 6 mai 2011 et qui a été communiquée le même jour par courriel au représentant du Collège ; Autorité de contrôle prudentiel – Commission des sanctions 2 Vu le Code monétaire et financier, notamment ses articles actuels L. 321-1, L. 532-1, L. 561-6, L. 561- 10-2 II, L. 561-15, L. 561-16, L. 561-34, R 561-12, R. 561-29 et D. 321-1 5o, ainsi que son article R. 562- 2-1, en vigueur au moment des faits ; Vu l’ordonnance no 2007-544 du 12 avril 2007 relative aux marchés d’instruments financiers, notamment son article 6 I ; Vu le règlement no 91-07 du 15 février 1991 modifié du Comité de la
D. 321-1 5o, ainsi que son article R. 562- 2-1, en vigueur au moment des faits ; Vu l’ordonnance no 2007-544 du 12 avril 2007 relative aux marchés d’instruments financiers, notamment son article 6 I ; Vu le règlement no 91-07 du 15 février 1991 modifié du Comité de la réglementation bancaire relatif à la lutte contre le blanchiment des capitaux provenant du trafic des stupéfiants, en vigueur au moment du contrôle, et notamment son article 5 ; Vu le règlement no 97-02 du 21 février 1997 modifié du Comité de la réglementation bancaire et financière (CRBF) relatif au contrôle interne des établissements de crédit et des entreprises d’investissement, notamment ses articles 2, 5, 6, 7, 9, 10 et 40 ; Vu le règlement no 2000-03 modifié du CRBF du 6 septembre 2000 relatif à la surveillance prudentielle sur base consolidée et à la surveillance complémentaire ; Vu l’arrêté du 2 septembre 2009 pris en application de l’article R. 561-12 du Code monétaire et financier et définissant des éléments d’information liés à la connaissance du client et de la relation d’affaires aux fins d’évaluation des risques de blanchiment de capitaux et de financement du terrorisme ; Vu le règlement intérieur de la Commission des sanctions ; Vu l’agrément de A ; Vu les autres pièces du dossier, et notamment le rapport d’inspection en date du 26 mars 2010 de M. Didier ORAIN, Inspecteur de la Banque de France, faisant suite à un contrôle de A effectué sur place du 3 juillet au 20 novembre 2009, ainsi que la lettre du 28 juillet 2003 adressée à A par le Secrétaire général de la Commission bancaire, à la suite du rapport d’inspection de Mme DUFOURNEAUD, Inspecteur de la Banque de France, au sein de l’établissement, et la réponse de l’établissement en date du 10 septembre 2003, ainsi que le rapport de contrôle interne de l’exercice 2008 ; La Commission des sanctions de l’Autorité de contrôle prudentiel, composée de M. MARTIN LAPRADE, Président, de Mme ALDIGÉ et de MM. CRÉDOT, FLORIN et ICARD, membres ; Après avoir décidé de faire droit à la demande de A tendant à ce que l’audience ne soit pas publique, et entendu, lors de la séance du 12 mai 2011 : - M. Clément ROUXEL, chargé de la mise en état, en sa présentation du dossier ; - M. Antoine SAINTOYANT, représentant le directeur général du Trésor, qui a indiqué ne pas avoir d’observations à formuler ; - M. Thierry COSTE, représentant le Collège de l’ACP, assisté de M. Henry DE GANAY, Directeur des affaires juridiques (DAJ) de l’ACP, Mme Marie-Astrid LARCHER, Chef du service des affaires institutionnelles et du droit public de la DAJ de l’ACP, et Mme Caroline BONTEMS, collaboratrice de cette direction ; M. COSTE, ainsi qu’il résulte du compte rendu d’audience, a proposé le prononcé d’un avertissement assorti d’une sanction pécuniaire de l’ordre de 300 000 euros ; - Le Président-Directeur général, le Directeur général adjoint et le Directeur principal de A, assistés de Mes Olivier DILLENSCHNEIDER et Arnaud METTAYER, avocats ; Les personnes mises en
résulte du compte rendu d’audience, a proposé le prononcé d’un avertissement assorti d’une sanction pécuniaire de l’ordre de 300 000 euros ; - Le Président-Directeur général, le Directeur général adjoint et le Directeur principal de A, assistés de Mes Olivier DILLENSCHNEIDER et Arnaud METTAYER, avocats ; Les personnes mises en cause ayant eu la parole en dernier ; Après en avoir délibéré en la seule présence de ses membres ; Autorité de contrôle prudentiel – Commission des sanctions 3 1. Sur l’activité de réception-transmission d’ordres 1.1. Sur l’exercice de l’activité de conseil en investissement Considérant que selon l’article L. 321-1 du Code monétaire et financier (Comofi), le conseil en investissement, dont les caractéristiques sont définies à l’article D. 321-1 5o du même code, est un service d’investissement ; que l’article L. 532-1 de ce code conditionne la fourniture de ce service à l’obtention d’un agrément ; que si le I de l’article 6 de l’ordonnance 2007-544 du 12 avril 2007 dispense les établissements de crédit qui fournissaient effectivement ce service avant l’entrée en vigueur de cette ordonnance de présenter une demande d’agrément, c’est à la condition d’avoir déclaré cette activité au Comité des établissements de crédit et des entreprises d’investissement avant le 1er novembre 2007 ; Considérant qu’il est reproché à la responsable de l’activité de transmission d’ordres sur titres d’avoir recommandé des opérations sur titres à au moins deux clients (et même à deux reprises pour l’un d’eux), ce qui répondrait à la définition du conseil en investissement donnée à l’article D. 321-1 5o du Comofi, alors que A n’a été agréé que pour la réception-transmission d’ordres pour le compte de tiers visée à l’article L. 321-1 1o de ce code et n’a pas effectué la déclaration requise par le I de l’article 6 de l’ordonnance 2007-544 du 12 avril 2007 susanalysé ; que toutefois le premier des deux clients susévoqués est le propre fils de la responsable du service titres, qu’il avait mandatée pour agir sur son compte ; que lorsqu’un mandataire, habilité à passer des ordres sans consulter son mandant, croit néanmoins utile de s’entretenir avec lui avant de les passer, ces échanges ne relèvent pas du conseil en investissement ; que de la conversation téléphonique entre la responsable et le second client, il ressort que l’action sur laquelle porte l’ordre d’achat est évoquée à l’initiative du client, lequel s’interroge sur son cours et exprime ensuite son intérêt personnel pour cette valeur après avoir commenté en détail l’activité de l’émetteur ; que les critères du conseil en investissement ne sont donc pas davantage réunis dans ce second cas d’espèce ; que le grief n’est pas établi ; 1.2. Sur l’exécution d’une opération qui apparaîtrait suspecte Considérant que selon l’article L. 561-10-2 II du Comofi, les établissements de crédit effectuent un examen renforcé de toute opération particulièrement complexe ou d’un montant inhabituellement élevé ou ne paraissant pas avoir de justification économique ou d’objet licite ; que selon le I de l’article L. 561-15 du même code, ils doivent déclarer à la cellule de renseignement nationale (Tracfin) les opérations portant sur
un examen renforcé de toute opération particulièrement complexe ou d’un montant inhabituellement élevé ou ne paraissant pas avoir de justification économique ou d’objet licite ; que selon le I de l’article L. 561-15 du même code, ils doivent déclarer à la cellule de renseignement nationale (Tracfin) les opérations portant sur des sommes dont ils savent, soupçonnent ou ont de bonnes raisons de soupçonner qu’elles proviennent d’une infraction passible d’une peine privative de liberté supérieure à un an ; que l’article L. 561-16 du même code leur impose de s’abstenir d’effectuer toute opération dont ils soupçonnent qu’elle est liée au blanchiment de capitaux ou au financement du terrorisme jusqu’à ce qu’ils aient fait une déclaration à Tracfin ; Considérant que sur la base d’un enregistrement téléphonique en date du 11 septembre 2009, il est reproché à la responsable de l’activité titres d’avoir, en connaissance de cause, et sans en référer au déontologue de la banque ni à sa direction, ouvert un compte titres à un nouveau client exerçant de hautes responsabilités dans le secteur bancaire du pays AA, afin de lui permettre de dissimuler à son employeur des opérations sur titres qu’il aurait été déontologiquement tenu de lui déclarer, et en particulier l’achat d’obligations « tier 1 » d’un établissement de crédit pour un montant de 157 173 euros ; que, selon le grief, cette opération apparemment illicite et qui semblait anormale dès lors que son exécution impliquait le recours à un circuit d’exécution inhabituel [au lieu de faire intervenir le prestataire habituel de A, l’établissement de crédit B (ci-après B) en province, l’ordre a été transmis à une table de négociation de B à Paris dont le code Euroclear était différent] et que son montant était exceptionnellement élevé (les opérations habituellement traitées par le service sont comprises entre 5 000 et 150 000 euros, et l’encours total moyen du portefeuille des comptes titres s’élevait à 6,7 millions d’euros pour 90 comptes), eut impliqué sinon une déclaration de soupçon, du moins un examen renforcé ; que cependant A établit que ce client, bien connu de ses services depuis 2003, y dispose depuis cette date d’une convention de compte d’instruments financiers ainsi que d’un compte de dépôts à terme « non résident » ; que l’opération susmentionnée correspondait au remploi de sommes déposées sur ce compte, lors de l’échéance du terme, et que c’est seulement la nature de la valeur concernée, négociée de gré à gré (OTC), qui a imposé le recours à la table parisienne de B plutôt Autorité de contrôle prudentiel – Commission des sanctions 4 qu’à son service en province, compétent pour les produits cotés sur un marché réglementé ; que le seul fait qu’un client ne respecte pas un devoir déontologique d’informer son employeur de l’ouverture d’un compte titres personnel ne suffit pas, en l’absence d’autres éléments, à impliquer l’illicéité de l’opération, alors que, correspondant à l’optimisation du rendement d’actifs jusqu’alors placés sur le marché monétaire, déstabilisé, au profit d’un instrument émis par une grande banque européenne, elle avait une justification économique pertinente, et concordait avec le profil du client
ne suffit pas, en l’absence d’autres éléments, à impliquer l’illicéité de l’opération, alors que, correspondant à l’optimisation du rendement d’actifs jusqu’alors placés sur le marché monétaire, déstabilisé, au profit d’un instrument émis par une grande banque européenne, elle avait une justification économique pertinente, et concordait avec le profil du client (qui dispose d’environ 600 000 USD et 300 000 euros dans les livres de A) ; que dans ces conditions cette opération n’entrait pas dans les prévisions des articles L. 561-15 et L. 561-16 du Comofi et la responsable du service pouvait, comme elle l’a fait, se borner à actualiser le dossier du client pour y mentionner la nature nouvelle du placement pratiqué par cet investisseur averti ; que le manquement n’est donc pas établi ; Considérant qu’il paraît à ce stade utile de relever que les deux premiers griefs ainsi écartés n’avaient fait l’objet (à l’exception, pour le premier, d’une très cursive allusion à la page 5 du rapport) que de mentions discrètement insérées dans des annexes au rapport, cependant que les termes de la « vue d’ensemble » introduisant le rapport, pouvaient raisonnablement laisser à penser qu’aucune procédure disciplinaire n’allait être engagée ; que dans ces conditions il ne faut pas s’étonner que A se soit abstenu de développer, dès le contradictoire préalable à la signature du rapport, les justificatifs de l’inanité de ces deux griefs, qu’elle n’a ensuite pu produire qu’au stade contentieux ; 1.3. Sur la séparation des fonctions d’engagement et de validation Considérant que l’article 7 du règlement no 97-02 susvisé impose une stricte indépendance entre, d’une part, les unités chargées de l’engagement des opérations et, d’autre part, les unités chargées de leur validation, notamment comptable, de leur règlement ; Considérant que, selon le grief, la responsable de l’activité titres contrôlait elle-même la situation des avoirs en comptes titres des clients demandant une transmission d’ordre (par rapprochement des relevés internes avec ceux de la table de négociation de B en province, consultés sur écran à partir d’un accès à un outil informatique), sans conserver la trace de ce contrôle, puis enregistrait directement en comptabilité, au fil de l’eau, les ordres d’achat ou vente qu’elle transmettait pour exécution à son prestataire externe (B) sans que ces opérations ne donnassent lieu à aucun compte rendu interne ; que son service était enfin seul à opérer le rapprochement entre les tickets d’ordre et la confirmation d’exécution de B ; que le back-office de A, qui n’était pas destinataire en temps réel des tickets d’ordre et des confirmations d’exécution, n’exerçait donc aucun contrôle avant la transmission des ordres à B et n’était donc pas à même d’exercer un contrôle a priori des ordres clientèles directement transmis à B, lesquels n’étaient rapprochés que le lendemain avec la liste des opérations exécutées par cette dernière ; Considérant que A justifie que la responsable de l’activité titres n’enregistrait pas elle-même en comptabilité les ordres au fur et à mesure de leur transmission à B, mais se bornait à les porter chronologiquement sur une « main courante » extracomptable, pour lui permettre de gérer les
cette dernière ; Considérant que A justifie que la responsable de l’activité titres n’enregistrait pas elle-même en comptabilité les ordres au fur et à mesure de leur transmission à B, mais se bornait à les porter chronologiquement sur une « main courante » extracomptable, pour lui permettre de gérer les risques clients en temps réel (notamment pour le cas d’une pluralité d’ordres dans la même journée) et de contrôler la bonne exécution des ordres par ce prestataire externe, dont la mission s’étendait à la tenue des comptes et leur conservation ; que la comptabilité de A n’enregistrait ces opérations sur titres que par la transcription automatisée des relevés d’exécution transmis par B (directement interfacés avec le système informatique de-A) ; Considérant que, malgré la dimension réduite de l’activité titres, largement sous-traitée à un prestataire externe, et le caractère expédient de cette procédure, le fait que le « back-office » ne soit mis à même d’exercer aucun contrôle sur l’activité titres avant l’exécution des ordres n’est pas conforme au principe réglementaire de séparation entre l’engagement et la validation des opérations, qui s’applique même en cas d’appel à un prestataire externe ; que par ailleurs la responsable de l’activité titres disposait dans l’applicatif comptable d’un profil d’habilitation étendu, l’autorisant notamment à opérer des transferts de titres ou à modifier directement les données résultant de l’interfaçage susmentionné des relevés d’exécution de A ; que s’il n’est pas contesté que l’intéressée n’a fait usage de cette habilitation qu’à quatre reprises entre 2003 et Autorité de contrôle prudentiel – Commission des sanctions 5 2009, pour corriger des erreurs matérielles du teneur de compte, et qu’en agissant alors sous la supervision de sa direction et le contrôle du service post-marché, il reste que l’existence même de cette habilitation, qui lui aurait permis théoriquement d’intervenir sans contrôle dans la comptabilité, méconnaissait à la lettre les dispositions précitées du 1 de l’article 7 du règlement 97-02 ; qu’il sera cependant tenu compte de ce que A y a mis fin dès la première observation de l’inspection, par une note du 14 janvier 2010 ; que cette note impose désormais, d’une part, au « middle-office », de vérifier mensuellement la chronologie des états journaliers et d’effectuer un contrôle aléatoire de quelques journées, et, d’autre part, au « back-office », immédiatement destinataire des fiches manuscrites des ordres de bourse, puis de leur confirmation écrite, de saisir en hors- bilan interne les ordres fermes et conditionnels des clients, d’en contrôler la validité, d’effectuer les relances nécessaires auprès du « front-office » en cas de retard de confirmation, et de rapprocher chaque jour les journaux d’opération avec ledit hors-bilan interne ; Considérant qu’il résulte de ce qui précède que le grief était établi à la date du contrôle ; 1.4. Sur le système de contrôle des opérations et la piste d’audit Considérant que, selon l’article 5 du règlement no 97-02 susvisé, le système de contrôle des opérations et des procédures internes a notamment pour objet, dans des conditions optimales de sécurité, de fiabilité et d’exhaustivité, de vérifier les conditions d’évaluation, d’enregistrement, de conservation et
contrôle des opérations et la piste d’audit Considérant que, selon l’article 5 du règlement no 97-02 susvisé, le système de contrôle des opérations et des procédures internes a notamment pour objet, dans des conditions optimales de sécurité, de fiabilité et d’exhaustivité, de vérifier les conditions d’évaluation, d’enregistrement, de conservation et de disponibilité de l’information comptable et financière, notamment en garantissant l’existence de la piste d’audit ; Considérant qu’outre l’incertitude résultant de l’absence d’information préalable du « middle » ou du « back-office » sur les ordres transmis par le service titres, et de ce que des écritures manuelles pouvant être enregistrées par le post-marché titres (principalement pour des erreurs de calculs sur commissions), il est principalement reproché à A de n’avoir pas conservé, à des fins de contrôle de second niveau ou périodique, les fichiers quotidiens des ordres exécutés, en sorte que leur chronologie ne pourrait être reconstituée qu’à partir des dossiers clients, ce qui garantirait insuffisamment la piste d’audit ; Considérant que A explique que les opérations réalisées dans la journée sont comptabilisées dans les comptes des clients à réception, le lendemain matin, d’un fichier émis par B, qu’un traitement informatique intègre automatiquement dans la comptabilité, afin d’assurer que les données internes reflètent fidèlement celles du teneur de compte-conservateur ; que ces écritures correspondent à un fichier nommé « C », reçu de B, qui liste la totalité des mouvements enregistrés sur les comptes titres des clients, mouvements conservés depuis 2005, et donne le détail de chacune d’entre elles (achats, ventes, coupons, dividendes, etc.) ; qu’ainsi, contrairement au grief notifié, A disposait d’une solide piste d’audit pour reconstituer et vérifier le détail des opérations exécutées ; que le manquement n’est donc pas établi ; 2. Sur les autres aspects relatifs au contrôle interne 2.1. Sur le contrôle interne sur base consolidée Considérant que, selon l’article 2 du règlement no 97-02 susvisé, les entreprises assujetties surveillées sur une base consolidée veillent à mettre en œuvre les moyens nécessaires pour s’assurer du respect, au sein des entreprises contrôlées de manière exclusive ou conjointe, des diligences liées à l’application du règlement no 97-02 ; qu’elles s’assurent que les systèmes mis en place, au sein de ces entreprises sont cohérents entre eux afin de permettre une mesure, une surveillance et une maîtrise des risques encourus au niveau consolidé, et, elles vérifient l’adoption, au sein de ces entreprises, de procédures adéquates pour la production des informations et renseignements utiles aux fins de l’exercice de la surveillance sur une base consolidée ; que selon l’article 10 du même règlement, les établissements de crédit s’assurent que les dispositifs de contrôle périodique mentionnés au b) de l’article 6 (qui impliquent nécessairement la réalisation d’enquêtes par des agents chargés du contrôle périodique au niveau central) s’appliquent à l’ensemble de l’entreprise, y compris ses succursales, ainsi qu’à l’ensemble des entreprises contrôlées de manière exclusive ou conjointe ; Autorité de contrôle prudentiel – Commission des sanctions 6 Considérant que, d’après le grief, le dispositif de contrôle interne du groupe n’était toujours pas, à la date de la mission d’inspection, commencée le 3
y compris ses succursales, ainsi qu’à l’ensemble des entreprises contrôlées de manière exclusive ou conjointe ; Autorité de contrôle prudentiel – Commission des sanctions 6 Considérant que, d’après le grief, le dispositif de contrôle interne du groupe n’était toujours pas, à la date de la mission d’inspection, commencée le 3 juillet 2009, apte à assurer une surveillance sur base consolidée, à l’exception de l’implantation dans le pays BB où l’auditeur central de A effectuait une à deux missions par an ; que ce dernier n’avait pas conduit de missions dans les autres implantations, dont les audits étaient réalisés, selon ses méthodes propres, par l’auditeur local, dépourvu au moment de l’inspection de tout lien hiérarchique et fonctionnel avec l’auditeur central en dépit des termes d’une charte d’audit et d’une volonté d’harmonisation des méthodes ; qu’à cet égard, la lettre de suite du 28 juillet 2003 avait déjà relevé que le fait que les missions d’audit interne réalisées au sein de la filiale suisse relevaient exclusivement du contrôleur interne de cette filiale n’était pas conforme à l’article 2 du règlement no 97-02, et avait invité la banque à mener, dans le cadre de ses propres travaux de contrôle de troisième niveau, des audits dans la filiale suisse ; que l’organisation de ces contrôles serait donc restée inchangée, contrairement aux indications portées par l’établissement dans sa réponse à la lettre de suite du 10 septembre 2003 et à la mention portée dans le rapport du contrôle interne de l’exercice 2008 ; Considérant que, avant juin 2009, l’auditeur central n’avait pas autorité sur les auditeurs locaux, dont il était seulement informé de l’activité du fait qu’il assurait le secrétariat du comité d’audit ; qu’il n’avait pas conduit lui-même de mission dans les implantations étrangères, en dehors de la succursale dans le pays BB de l’établissement ; que s’agissant du nouveau schéma d’organisation du contrôle interne sur base consolidée qui aurait été mis en place en juin 2009, après le recrutement d’un nouveau responsable de l’audit du groupe, l’inspection a relevé que les améliorations alors annoncées, notamment le rattachement fonctionnel à ce responsable de l’ensemble des auditeurs locaux, n’étaient pas encore effectives à la fin de la mission, soit le 20 novembre 2009 ; que, malgré les termes d’une note interne datée du 10 août 2009, informant de sa désignation et mentionnant son rôle de supervision fonctionnelle des contrôleurs internes des agences du réseau, la mise en place de cette nouvelle organisation est tardive ; que le manquement est donc établi ; Considérant que trois visites sur place ont été effectuées au sein de la filiale suisse de A successivement par le directeur principal, le directeur général adjoint et le conseiller de la direction générale pour le contrôle des risques ; qu’au cours de la première a été notamment examiné le respect des dispositions applicables en matière d’organisation des contrôles, de déclaration des grands risques, de lutte contre le blanchiment des capitaux (visite du 12 au 14 juillet 2004) ; qu’un an plus tard, une seconde visite a eu lieu, au cours de laquelle ont notamment été
été notamment examiné le respect des dispositions applicables en matière d’organisation des contrôles, de déclaration des grands risques, de lutte contre le blanchiment des capitaux (visite du 12 au 14 juillet 2004) ; qu’un an plus tard, une seconde visite a eu lieu, au cours de laquelle ont notamment été examinés les points relevés par les contrôleurs internes et externes dans leurs rapports respectifs et les méthodes utilisées pour évaluer les opérations de change à terme, de même qu’un suivi du rapport de l’année précédente (visite du 5 au 8 décembre 2005) ; qu’une troisième visite (du 17 au 20 mars 2008) a porté sur un examen des risques de cette filiale et ses contrôles permanent et périodique, et a préconisé un certain nombre d’améliorations quant à son organisation ; que cependant, ces trois courtes visites ne suffisent pas à justifier que la filiale suisse a été incluse dans les programmes d’audit de A ; que les comptes rendus de visites établis ne sauraient être considérés, en raison de leur caractère synthétique et de l’absence de conclusions détaillées sur l’ensemble des points vérifiés, comme respectant les dispositions de l’article 2 du règlement no 97-02, alors que le rôle exact de ces personnes en matière de contrôle périodique au niveau du groupe, apparemment limité à la filiale suisse, n’était pas précisé et que les dispositions réglementaires susanalysées exigent la réalisation d’enquêtes par des agents chargés du contrôle périodique au niveau central ; que le fait que le contrôleur interne de la filiale suisse soit en même temps l’auditeur groupe de la maison mère ne peut dispenser A de ses obligations en matière de contrôle consolidé ; que si ces visites témoignent d’une bonne volonté de A, de même que la nomination, en juin 2009, d’un responsable de l’audit du groupe, le manquement n’en reste pas moins établi à la date du contrôle ; 2.2. Sur l’organisation et les moyens des fonctions de contrôle permanent et de contrôle périodique Considérant que selon le a) de l’article 6 du règlement no 97-02 susvisé, le contrôle permanent de la conformité, de la sécurité et de la validation des opérations réalisées et du respect des diligences liées à la surveillance des risques doit être assuré, avec un ensemble de moyens adéquats, d’une part par des agents exclusivement dédiés à cette fonction et, d’autre part, par d’autres agents exerçant des activités opérationnelles ; que selon l’article 9 de ce règlement, tout établissement s’assure que le nombre et la Autorité de contrôle prudentiel – Commission des sanctions 7 qualification des personnes en charge du contrôle permanent et du contrôle périodique, ainsi que les moyens mis à leur disposition, sont adaptés aux activités, à la taille et aux implantations de l’entreprise ; Considérant qu’au moment de l’inspection, les fonctions de responsable du contrôle permanent et de l’audit (contrôle périodique) étaient assurées par le contrôleur interne, directement rattaché à la direction générale ; qu’en l’absence d’une personne chargée exclusivement du contrôle permanent de ce groupe employant 271 personnes, cette fonction était assurée par les responsables hiérarchiques, que ce soient les responsables
responsable du contrôle permanent et de l’audit (contrôle périodique) étaient assurées par le contrôleur interne, directement rattaché à la direction générale ; qu’en l’absence d’une personne chargée exclusivement du contrôle permanent de ce groupe employant 271 personnes, cette fonction était assurée par les responsables hiérarchiques, que ce soient les responsables d’agences (à Paris) ou leurs adjoints (dans le pays CC), voire épisodiquement, du fait de l’importance de l’implantation parisienne, par le contrôleur interne, comme le mentionne le rapport de contrôle interne de l’exercice 2008 ; que la mise en place de la filière risques début 2007 a permis d’améliorer cette situation, au prix d’un important effort de recrutement, en articulant le contrôle permanent autour des départements opérationnels sous la coordination des responsables des risques opérationnels locaux, référant fonctionnellement au responsable de la conformité et au directeur des risques du siège, qui doivent établir un rapport trimestriel destiné à la direction générale ; que toutefois ce progrès n’a été formalisé que dans une note, diffusée le 26 mai 2010, après l’inspection ; que si un responsable de l’audit du groupe a été recruté en juin 2009, l’inspection n’a pu constater son rôle dans le dispositif de contrôle interne ; que l’organisation et les moyens du contrôle permanent et périodique étaient donc, au moment de la vérification sur place, insuffisants au regard de la taille, de l’organisation et des activités de l’établissement ; que le manquement est établi au moment du contrôle ; 2.3. Sur l’élaboration et la mise à jour de manuels de procédures Considérant que, selon l’article 40 du règlement no 97-02 susvisé, les entreprises assujetties élaborent et tiennent à jour des manuels de procédures décrivant notamment les modalités d’enregistrement, de traitement et de restitution des informations, les schémas comptables et les procédures d’engagement des opérations ; Considérant qu’il est reproché à l’établissement d’une part de ne pas avoir mis à jour son instruction d’avril 2005 relative à l’enregistrement des conversations téléphoniques, d’autre part de ne pas avoir établi de manuel de procédures comptables et d’avoir présenté des schémas comptables incomplets, en sorte que le système d’information utilisé par les agences et succursales du groupe souffrait d’insuffisances, en particulier pour la globalisation des informations sur les agences et succursales et pour la confection des états réglementaires ; Considérant que A admet que son instruction interne du 14 avril 2005, définissant notamment les conditions d’enregistrement, de conservation et de consultation des conversations téléphoniques, était obsolète jusqu’à sa mise à jour intervenue le 8 novembre 2010, pour définir les modalités de réalisation des écoutes ; qu’elle expose par ailleurs que, à l’époque du contrôle, des systèmes et procédures d’enregistrement comptable existaient, même s’ils n’avaient pas fait l’objet des manuels formalisés exigés par la réglementation, ses schémas comptables étant préenregistrés dans son système d’information et toutes les écritures saisies étant par conséquent automatiquement traitées conformément à ce format préétabli, même si les tiers pouvaient difficilement exploiter les indications relatives aux schémas préenregistrés ; que A expose que s’il n’avait pas encore formalisé un tel manuel, c’est qu’il préparait la mise en place d’un nouveau système
toutes les écritures saisies étant par conséquent automatiquement traitées conformément à ce format préétabli, même si les tiers pouvaient difficilement exploiter les indications relatives aux schémas préenregistrés ; que A expose que s’il n’avait pas encore formalisé un tel manuel, c’est qu’il préparait la mise en place d’un nouveau système d’information dans l’ensemble du groupe, prévue pour 2011 ; que dans la perspective de cette migration, les futurs manuels de procédure opérationnelle étaient déjà rédigés et diffusés dans toutes les implantations ; que ces améliorations étant intervenues après la mission de vérification sur place, le manquement est donc établi au moment du contrôle ; Autorité de contrôle prudentiel – Commission des sanctions 8 3. Sur les autres aspects relatifs au dispositif de lutte contre le blanchiment et le financement du terrorisme (LCB-FT) 3.1. Sur l’organisation du dispositif au sein du groupe Considérant que selon l’article 5 du règlement no 91-07 susvisé, alors en vigueur, les établissements assujettis ayant leur siège social en France font toutes recommandations utiles à leurs filiales et succursales à l’étranger pour qu’elles se prémunissent, sous des formes appropriées, contre le risque d’être utilisées à des fins de blanchiment ; que selon l’article L. 561-34 du Comofi, les établissements de crédit appliquent des mesures au moins équivalentes à celles prévues au chapitre 1er du titre VI du livre V du code en matière de vigilance à l’égard du client et de conservation des informations dans leurs succursales situées à l’étranger et veillent à ce que des mesures équivalentes soient appliquées dans leurs filiales dont le siège est à l’étranger ; que selon l’article R. 562-2-1 de ce code (dans sa rédaction alors en vigueur et dont les éléments constitutifs ont été maintenus à l’article R. 561-29 du même code), les établissements de crédit assurent dans leurs filiales financières françaises et, si le droit local le permet, dans les entités étrangères, l’organisation de la LCB-FT, qui comprend l’échange des informations nécessaires à la vigilance dans le groupe, y compris des informations relatives à la clientèle, ainsi que la définition de procédures coordonnées permettant d’assurer, dans les entités étrangères du groupe, un niveau de vigilance au moins équivalent à celui imposé en France, sauf si le droit de l’État où ces entités sont implantées y fait obstacle ; Considérant que selon la notification de griefs, la coordination des travaux des correspondants locaux apparaissait limitée ; qu’en effet, chaque site utilisait ses propres circulaires, dont la conformité avec celles édictées par le siège ne semblait pas vérifiée ; qu’ainsi, le seuil de détection des opérations d’espèces dans la succursale du pays DD aurait été très élevé (200 000 USD) sans rapport avec celui appliqué en France (5 000 euros) ; que l’état des mouvements espèces des personnes politiquement exposées (PPE), seul document communiqué par les succursales au siège parisien, ne semblait pas suffisant, en raison de sa portée limitée, pour permettre à A de s’assurer de la bonne application de ses normes dans l’ensemble du groupe ; que dans le pays CC, les dossiers d’ouvertures de comptes de la clientèle étaient insuffisamment
communiqué par les succursales au siège parisien, ne semblait pas suffisant, en raison de sa portée limitée, pour permettre à A de s’assurer de la bonne application de ses normes dans l’ensemble du groupe ; que dans le pays CC, les dossiers d’ouvertures de comptes de la clientèle étaient insuffisamment documentés ; que d’après un échantillon de seize comptes clients ouverts dans le pays CC entre 2007 et 2009, la succursale ne s’était renseignée sur les revenus du client que dans trois cas et n’avait jamais collecté de justificatifs de revenus et de domicile ; qu’elle ne s’était généralement pas enquise de l’origine des fonds ainsi que du fonctionnement attendu du compte et ne s’était pas renseignée sur la profession de six de ces clients ; que de plus elle n’avait pas effectué de vérification par rapport aux listes de personnes faisant l’objet de mesures de gel des avoirs pour huit de ces clients et, pour trois autres, n’avait fait cette vérification que six mois à un an après l’ouverture du compte ; qu’en outre, concernant la filiale suisse, le siège disposait de reportings en nombre limité qui n’intégraient pas de données nominatives sur la clientèle, alors que la loi bancaire suisse permet la communication à la maison mère bancaire des informations non accessibles au public qui sont nécessaires à la surveillance consolidée ; que s’agissant des déclarations de soupçon, aucune coordination d’information n’avait été mise en place à l’échelle du groupe afin de contrôler notamment l’existence de plusieurs comptes au nom d’un même client suspect ou de tiers liés ; que l’inspection a relevé, à l’occasion de la revue des créances douteuses, au moins un cas significatif de client commun entre A et sa filiale suisse, M. D, qui avait refusé de régler les échéances d’un prêt de 2,8 millions d’euros octroyé par A après avoir réalisé des pertes sur des opérations de change avec la filiale suisse de A ; que l’inspection a également relevé au moins un cas de tiers liés à un client suspect et disposant de comptes auprès d’autres entités du groupe (les bénéficiaires des flux de la société E qui avaient des comptes chez trois autres entités du groupe bancaire auquel appartient A) ; que la lettre de suite du 28 juillet 2003 avait déjà relevé des insuffisances dans le suivi des clients liés entre eux ou disposant d’un compte dans plusieurs entités du groupe, au regard des grands risques, et recommandé que ces clients fussent aisément identifiables au moyen d’un indicateur informatique commun au siège, aux succursales et à la filiale ; Considérant que le recrutement par A, début janvier 2010, d’un responsable de la conformité au niveau du groupe, chargé de coordonner les travaux des correspondants locaux et de mettre en place une cartographie des risques finalisée en octobre 2010, intervenu avant le rapport de contrôle mais après le début de Autorité de contrôle prudentiel – Commission des sanctions 9 l’inspection, apparaît comme une mesure correctrice, mais tardive ; que dans cette mesure le manquement est établi ; Considérant en revanche, que A établit
des risques finalisée en octobre 2010, intervenu avant le rapport de contrôle mais après le début de Autorité de contrôle prudentiel – Commission des sanctions 9 l’inspection, apparaît comme une mesure correctrice, mais tardive ; que dans cette mesure le manquement est établi ; Considérant en revanche, que A établit que le seuil de détection des opérations en espèces de sa succursale du pays DD représente une contrevaleur d’environ 7 000 euros en règle générale, et justifie correctement les exceptions constatées par le fait que celles-ci sont bien documentées, qu’elles tiennent compte du profil du client, des spécificités locales et qu’elles ne portent que sur 7 % des clients de l’agence concernée ; que le caractère perfectible de l’état des mouvements des PPE tenu par ses succursales, destiné au contrôle mensuel des mouvements espèces dont le montant cumulé est supérieur à 5 000 euros, qui, d’après l’inspection, serait mieux exploitable s’il faisait apparaître le total par client et s’il était complété par des données trimestrielles ou semestrielles, ne constitue pas un manquement ; que cette partie du grief n’est donc pas établie ; Considérant que, s’agissant des agences du pays CC, A indique qu’il a, dès leur acquisition intervenue en décembre 2007, lancé un chantier de remise aux normes de la documentation des comptes clients, que ce travail pour les comptes déjà ouverts se poursuit, sans naturellement pouvoir être réalisé de manière instantanée et qu’en ce qui concerne les nouveaux clients, les ouvertures de comptes font systématiquement l’objet d’une demande de justificatif de domicile ; qu’il demeure que ce dernier point n’est pas entièrement justifié par A, dès lors que les seize comptes clients revus par l’Inspection, bien qu’ouverts après 2007, ne contenaient aucun justificatif de domicile ; que pour le surplus, l’établissement présente différentes mesures correctrices, dont la procédure « KYC » entrée en vigueur en octobre 2010 et une revue exhaustive de dossiers des clients, qui conclut que seuls 15 % des comptes n’ont pu être régularisés, résultat qui traduirait une profonde évolution au regard de l’échantillon examiné par l’Inspection ; que le manquement, bien que ne résultant que de l’examen d’un échantillon très réduit de clients, est donc établi sur ce point ; Considérant qu’au sujet de sa filiale suisse, A indique que, contrairement au grief notifié, ses reportings incluaient des données nominatives puisque, à la suite de la mission déjà évoquée effectuée en 2004, elle a demandé à celle-ci de lui communiquer, aux fins de consolidation des risques, la liste de leurs clients débiteurs communs, dès le premier franc, ou qui présenteraient un risque supérieur ou égal à 12 MCHF ; que ce dispositif a d’ailleurs permis de repérer Monsieur D comme client commun débiteur ; que A établit que le client E avait fait l’objet d’une déclaration Tracfin le 17 mars 2004, après détection d’opérations atypiques, et que ses états de contrôle des grands risques avaient été modifiés dès 2008 pour faire apparaître un indicateur groupe ; que A, pour exposer le caractère suffisant de ces mesures, invoque le respect de la législation suisse relative au secret
Tracfin le 17 mars 2004, après détection d’opérations atypiques, et que ses états de contrôle des grands risques avaient été modifiés dès 2008 pour faire apparaître un indicateur groupe ; que A, pour exposer le caractère suffisant de ces mesures, invoque le respect de la législation suisse relative au secret bancaire, qui ferait obstacle à ce qu’il ait un libre accès à la liste complète des clients de sa filiale, dont il ne peut obtenir d’informations nominatives qu’en justifiant de leur nécessité pour les besoins de la surveillance consolidée ; que sa filiale suisse, pour pouvoir lui communiquer l’identité des clients répondant à l’un des deux critères susanalysés, leur fait signer un document l’autorisant à lever le secret bancaire dans ce cas ; Considérant que l’exigence de cette autorisation paraît en contradiction avec le rapport d’évaluation mutuelle de la Suisse par le Groupe d’action financière (GAFI), réalisé en novembre 2005, qui retient qu’à l’intérieur d’un groupe bancaire, la communication à la maison mère des informations non accessibles au public, y compris les données nominatives, pour des besoins de surveillance consolidée, est garantie d’abord par l’article 4 quinquies de la loi fédérale sur les banques (LFB), aux termes duquel « 1. Les banques sont autorisées à communiquer à leurs sociétés mères, qui sont elles-mêmes surveillées par une autorité de surveillance des banques ou des marchés financiers, les informations et documents non accessibles au public qui sont nécessaires à la surveillance consolidée, aux conditions suivantes : /a. ces informations sont utilisées exclusivement à des fins de contrôle interne ou de surveillance directe des banques … /b. la société mère et l’autorité compétente pour la surveillance consolidée sont liées par le secret professionnel … /c. ces informations ne peuvent être transmises à des tiers qu’avec l’autorisation préalable de la banque ou une autorisation générale contenue dans un traité international. //2. Si la communication d’informations au sens de l’al. 1 soulève des doutes, les banques peuvent requérir de la Commission fédérale des banques (CFB, aujourd’hui la FINMA) une décision autorisant ou interdisant leur transmission », et ensuite par l’article 9 al. 4 de l’ordonnance de la CFB sur le blanchiment d’argent (OBA-CFB du 18 décembre 2002), aux termes duquel « 4. L’intermédiaire financier qui fait partie d’un groupe financier suisse ou international garantit aux organes de contrôle internes … du groupe l’accès, en cas de besoin, aux informations concernant des Autorité de contrôle prudentiel – Commission des sanctions 10 relations d’affaires déterminées, dans la mesure nécessaire à la gestion globale des risques juridiques et des risques de réputation » (dispositions reprises dans les mêmes termes à l’article 6, al. 4 de l’ordonnance de la FINMA sur le blanchiment d’argent OBA-FINMA du 8 décembre 2010) ; que, comme le rapport du GAFI susmentionné le souligne, ces dispositions ne prévoient pas que, dans les cas qu’elles visent, les clients concernés aient un droit à être informés ni, a fortiori, à donner leur accord ; que, selon la dernière des consultations d’avocats suisses produite par A, la catégorie des « informations non accessibles au public » comprend les données
ne prévoient pas que, dans les cas qu’elles visent, les clients concernés aient un droit à être informés ni, a fortiori, à donner leur accord ; que, selon la dernière des consultations d’avocats suisses produite par A, la catégorie des « informations non accessibles au public » comprend les données nominatives relatives aux clients, lesquelles peuvent donc, dans le respect des dispositions helvétiques précitées, être communiquées à la maison mère française, lorsqu’elles sont « nécessaires à la surveillance consolidée » et que la filiale doit alors transmettre ces informations, que les clients concernés y aient ou non consenti ; qu’ainsi A ne saurait prétendre que sa filiale suisse ne pouvait lui transmettre des données nominatives qu’avec l’accord des clients concernés ; que du débat instauré devant la Commission, il ressort que la seule discussion qui subsiste porte sur l’étendue de la notion de « surveillance consolidée », dont A n’est pas certain qu’elle inclue, au-delà de la surveillance du risque de crédit, celle du risque de « réputation » pour insuffisance de la LCB-FT, comme le soutient le représentant du Collège ; que les termes très généraux de l’article 4 quinquies ne paraissent pas exclure la surveillance du risque de réputation de son champ, et que, de toute manière, une banque suisse ne peut s’opposer, de son propre chef et par principe, à communiquer à sa société mère toute information nominative pour les besoins du contrôle consolidé en matière de LCB-FT si elle n’a préalablement fait lever ce doute par la FINMA ; que toutefois A a en séance déclaré s’associer à cette dernière conclusion ; que, de son côté, le représentant du Collège n’a fait qu’esquisser, sans les expliciter, les critères pertinents pour définir le champ des clients devant faire l’objet d’une remontée d’information (par exemple, ceux dont les opérations ont donné lieu à un examen renforcé ou à une déclaration de soupçon, ou les clients liés à ces derniers), alors que le grief notifié, bien que placé sous l’intitulé « LCB-FT », cite notamment l’exemple d’un client ne présentant aucun risque de cette nature, et que rien dans le dossier ne laisse à penser que la filiale suisse se serait en fait abstenue de faire remonter, selon des modalités appropriées, une information nominative dans le domaine de la LCB-FT ; que dans ces conditions cette partie du grief n’est pas suffisamment établie au regard des pièces du dossier ; 3.2. Sur la documentation des dossiers clients Considérant que, selon l’article L. 561-6 du Comofi, avant d’entrer en relation d’affaires avec un client, les établissements de crédit recueillent les informations relatives à l’objet et à la nature de cette relation et tout autre élément d’information pertinent sur ce client, puis, pendant toute sa durée, exercent sur la relation d’affaires une vigilance constante ; Considérant qu’il ressort du rapport que, pour les nouveaux dossiers, si le service clientèle du siège collecte de manière satisfaisante les documents d’identité, les justificatifs de domicile, d’activité et de ressources faisaient encore largement défaut à la date du contrôle tandis que l’actualisation des anciens dossiers n’était pas
constante ; Considérant qu’il ressort du rapport que, pour les nouveaux dossiers, si le service clientèle du siège collecte de manière satisfaisante les documents d’identité, les justificatifs de domicile, d’activité et de ressources faisaient encore largement défaut à la date du contrôle tandis que l’actualisation des anciens dossiers n’était pas achevée ; que A, sans contester ces constatations, estime que la demande, adressée à un client, de communiquer des justificatifs de ses ressources et de son patrimoine ne relève pas de cet article, et relève qu’aucune obligation légale n’existe dans les pays dont est originaire sa clientèle déposante ; que cependant les obligations imposées par l’article L. 561-6 susmentionné sont précisées par l’article R. 561-12 du Comofi, et par l’arrêté du 2 septembre 2009 pris en application de cet article, qui définit les éléments d’information liés à la connaissance du client et de la relation d’affaires aux fins d’évaluation des risques de blanchiment des capitaux et de financement du terrorisme ; qu’en particulier figurent parmi les éléments susceptibles d’être demandés aux clients personnes physiques la provenance et la destination des fonds, les activités professionnelles actuellement exercées, les revenus ou tout élément permettant d’estimer les autres ressources ainsi que tout élément permettant d’apprécier leur patrimoine ; qu’il n’est pas reproché à A de ne pas demander systématiquement de tels justificatifs, mais de disposer de dossiers clients incomplets, y compris alors que, selon ses propres explications, A a présenté vainement une telle demande ; que le manquement est donc établi, mais doit être apprécié au regard du nombre de dossiers clients examinés lors de la vérification sur place ; * * * Autorité de contrôle prudentiel – Commission des sanctions 11 Considérant qu’il résulte de tout ce qui précède que A ne s’est pas pleinement conformé à certaines de ses obligations en matière de contrôle interne et de LCB-FT, tardant en particulier à améliorer l’organisation de son dispositif dans le domaine de la connaissance de ses clients au sein du groupe ; qu’il y a lieu de faire application de l’article L. 613-21 ancien du Comofi en prononçant un avertissement à son encontre ; Considérant que, dans les circonstances de l’espèce, en raison notamment du faible nombre de dossiers individuels en matière de LCB-FT sur lesquels reposent les griefs maintenus, dont aucun ne concerne un manquement aux obligations déclaratives ou relatives à l’examen renforcé de certaines opérations, la disproportion du préjudice qui résulterait pour A d’une publicité nominative justifie que la présente décision ne soit publiée que sous une forme ne permettant pas d’identifier cet établissement ; PAR CES MOTIFS DÉCIDE : Article 1er – Il est prononcé un avertissement à l’encontre de l’établissement de crédit A ; Article 2 – La présente décision sera publiée au registre de l’Autorité de contrôle prudentiel, sous une forme ne permettant pas d’identifier l’établissement, et pourra être consultée sous cette forme au secrétariat de la Commission. Le 26 mai 2011 Le Président de la Commission des sanctions, [Bruno MARTIN LAPRADE] Cette décision peut faire l’objet d’un recours dans un délai de deux mois à compter de sa
une forme ne permettant pas d’identifier l’établissement, et pourra être consultée sous cette forme au secrétariat de la Commission. Le 26 mai 2011 Le Président de la Commission des sanctions, [Bruno MARTIN LAPRADE] Cette décision peut faire l’objet d’un recours dans un délai de deux mois à compter de sa notification et dans les conditions prévues à l’article L. 612-16 IV du Code monétaire et financier.",0,1,1,0,0
2011-01,"1 BANQUE POPULAIRE DES ALPES Procédure n° 2011-01 Blâme et sanction pécuniaire de 200 000€ ----- Audience du 15 juin 2012 Rendue le 29 juin 2012 AUTORITÉ DE CONTRÔLE PRUDENTIEL COMMISSION DES SANCTIONS La Commission des sanctions de l’Autorité de contrôle prudentiel (ACP) ; Vu la lettre du 13 septembre 2011 (et les pièces qui lui sont annexées) par laquelle le Président de l’ACP informe la commission de ce que le Collège de l’ACP, statuant en sous-collège sectoriel banque, a décidé, lors de sa séance du 5 septembre 2011, d’ouvrir une procédure disciplinaire à l’encontre de la BANQUE POPULAIRE DES ALPES (ci-après BPA) enregistrée sous le numéro 2011-01 ; Vu la notification de griefs du 13 septembre 2011 ; Vu les mémoires en défense des 1er décembre 2011, 9 mars 2012 et 13 avril 2012 (et les pièces qui les accompagnent) par lesquels la BPA (i) à titre liminaire, conteste les conditions d’ouverture de cette procédure au regard des dispositions relatives au pouvoir disciplinaire du superviseur en matière de lutte contre le blanchiment des capitaux et le financement du terrorisme (ci-après LCB-FT), soutient que les griefs reposent le plus souvent sur une lecture des dispositions applicables qui anticipe sur les obligations résultant de la transposition de la 3ème directive et souligne l’imprécision des griefs qui lui sont reprochés, (ii) estime que les griefs doivent être écartés ou à tout le moins fortement relativisés, et (iii) demande que l’audience ne soit pas publique, que la commission ne prononce aucune sanction et, pour éviter toute atteinte disproportionnée à sa réputation, que la décision à intervenir ne soit pas publiée ou, à défaut, le soit sous une forme ne permettant pas de l’identifier ; Vu les mémoires des 3 février et 28 mars 2012 par lesquels M. Olivier FOUQUET, représentant du collège de l’ACP, (i) observe que les dispositions du Code monétaire et financier (ci- après COMOFI) relatives à l’exercice du pouvoir disciplinaire laissent à l’ACP la faculté d’apprécier si les manquements en matière de LCB-FT relèvent d’une telle procédure, conteste que les faits poursuivis aient pu être qualifiés de manquements par une interprétation des anciennes dispositions du COMOFI à la lumière des textes issus de la transposition de la 3ème directive et que leur qualification ne soit pas conforme au principe de précision et d’intelligibilité, (ii) estime qu’à l’issue de leur examen détaillé, la quasi-totalité des reproches notifiés doit être maintenue ; Vu les courriers en date du 4 mai 2012 convoquant les parties et les informant de la composition de la Commission des sanctions ; Vu le rapport en date du 3 mai 2012, de M. Rémi BOUCHEZ, rapporteur, dans lequel celui-ci estime que, si certains reproches ne sont pas établis, les cinq séries de griefs sont constituées ; que les manquements, incluant notamment des retards et une absence de déclaration de soupçon, la non- détection de certaines opérations atypiques, des diligences insuffisantes en matière d’identification de la clientèle et des défaillances dans certaines procédures internes, justifient le prononcé d’une 2 sanction ; qu’il estime approprié le prononcé d’un blâme et d’une sanction
notamment des retards et une absence de déclaration de soupçon, la non- détection de certaines opérations atypiques, des diligences insuffisantes en matière d’identification de la clientèle et des défaillances dans certaines procédures internes, justifient le prononcé d’une 2 sanction ; qu’il estime approprié le prononcé d’un blâme et d’une sanction pécuniaire de 300 000 (trois cent mille) euros à l’encontre de la BPA ; Vu les observations produites le 25 mai 2012 par la BPA sur le rapport de M. Rémi Bouchez, et les pièces qui les accompagnent, notamment l’annexe 30 ; Vu les autres pièces du dossier et notamment le rapport en date du 10 septembre 2010 de M. Jean-Luc COUËTOUX, inspecteur de la Banque de France, et ses annexes, faisant suite à un contrôle de la BPA effectué sur place du 6 octobre 2009 au 25 février 2010 ; Vu la Convention européenne de sauvegarde des droits de l'homme et des libertés fondamentales (ci-après la CEDH) et le Pacte international relatif aux droits civils et politiques ; Vu la loi n° 90-614 du 12 juillet 1990 relative à la participation des organismes financiers à la lutte contre le blanchiment des capitaux provenant du trafic des stupéfiants ; Vu l’ordonnance n° 2009-104 du 30 janvier 2009 relative à la prévention de l'utilisation du système financier aux fins de blanchiment de capitaux et de financement du terrorisme, notamment son article 19 ; Vu le code monétaire et financier (ci-après COMOFI) ; Vu le règlement n° 91-07 du 15 février 1991 modifié du Comité de la réglementation bancaire (CRB) relatif à la lutte contre le blanchiment des capitaux provenant du trafic des stupéfiants ; Vu le règlement n° 97-02 du 21 février 1997 [modifié notamment par l’arrêté ministériel du 29 octobre 2009] du Comité de la réglementation bancaire et financière (CRBF) relatif au contrôle interne des établissements de crédit et des entreprises d’investissement ; Vu le décret n° 2009-874 du 16 juillet 2009 pris pour l’application de l'article L. 561-15-II du COMOFI ; Vu le règlement intérieur de la Commission des sanctions ; Après avoir décidé de faire droit à la demande de la BPA que l’audience ne soit pas publique et entendu, lors de la séance du 15 juin 2012 : • M. Rémi BOUCHEZ en son rapport, assisté de M. Raphaël THÉBAULT, adjoint au rapporteur ; • M. Schwan BADIROU GAFARI, représentant le directeur général du trésor, qui a indiqué ne pas avoir d’observations à formuler ; • M. Olivier FOUQUET, représentant le Collège de l’ACP, assisté de M. Henry de GANAY, directeur des affaires juridiques de l’ACP, de Mme Anne-Marie MOULIN son adjointe, de Mme Marie-Astrid LARCHER, chef du service des affaires institutionnelles et du droit public et de Mlle Christelle MOLINA, juriste ; M. FOUQUET, ainsi qu’il résulte du compte rendu d’audience, s’est associé à l’ensemble des positions prises par le rapporteur [y compris ses propositions sur le quantum des sanctions à prononcer et l’absence d’anonymisation de la décision] à l’exception seulement : /- du cas du client A18, pour lequel la banque aurait manqué à son obligation de
compte rendu d’audience, s’est associé à l’ensemble des positions prises par le rapporteur [y compris ses propositions sur le quantum des sanctions à prononcer et l’absence d’anonymisation de la décision] à l’exception seulement : /- du cas du client A18, pour lequel la banque aurait manqué à son obligation de vigilance constante ; /- de l’interprétation de l’ancien article L. 562-3 du COMOFI, dont il estime que, dès avant sa modification par l’ordonnance n° 2009-104 qui en a repris le dispositif modifié sous l’article L. 561-15 du même code, il exigeait que 3 les déclarations faites au service spécialisé (TRACFIN) fussent complétées de toutes informations propres à conforter une première déclaration ; /- de la nécessité que les classements sans suite d’une alerte soient dûment motivés afin que leur pertinence puisse en être ultérieurement contrôlée ; /- de la nécessité que les procédures internes obligent les directeurs d’agence à contrôler la manière dont leurs agents vérifient l’identité des clients ; • M. Jean CLOCHET, Président du Conseil d’administration de la BPA, assisté, d’une part, de MM. Pascal MARCHETTI, directeur général, Jean-François CAVAT, Olivier LAFONT et Christophe TRONEL, cadres de la BPA, ainsi que de Mme Laurence MAY, directrice Conformité et Sécurité du groupe BPCE et, d’autre part, de Maîtres Jean-Guillaume de TOCQUEVILLE, Olivier BERNARDI et Benjamin DELAUNAY, avocats à la Cour ; Les représentants de la BPA ayant eu la parole en dernier ; Après avoir délibéré en la seule présence de M. MARTIN LAPRADE, Président, de Mme ALDIGÉ, et de M. FLORIN, membres de la commission ainsi que de MM. CORNUT et VAURS, suppléants de MM. ICARD et CRÉDOT ; Considérant qu’à la suite d’un contrôle sur place effectué entre le 6 octobre 2009 et le 25 février 2010, qui a donné lieu à l’établissement d’un rapport signé le 10 septembre 2010 par M. Jean-Luc COUËTOUX, inspecteur de la Banque de France, le sous-collège banque de l’ACP a ouvert le 5 septembre 2011 la présente procédure disciplinaire à l’encontre de la BPA, à laquelle il est reproché d’avoir méconnu ses obligations en matière de lutte contre le blanchiment des capitaux et le financement du terrorisme (LCB-FT) ; Sur les conséquences de la décision du Conseil constitutionnel n° 2011-200 QPC en date du 2 décembre 2011 Considérant que, par sa décision n° 2011-200 QPC en date du 2 décembre 2011, le Conseil constitutionnel a déclaré contraire à la Constitution l’ensemble des dispositions qui organisaient le pouvoir disciplinaire de la Commission bancaire sans respecter la séparation des fonctions de poursuites et de jugement ; que selon le considérant 9 de cette décision, cette déclaration d’inconstitutionnalité est « applicable à toutes les instances non définitivement jugées à cette date » ; Considérant que l’ordonnance n° 2010-76 du 21 janvier 2010 a abrogé les dispositions du COMOFI concernées par la décision n° 2011-200 QPC et a organisé au sein de l’ACP instituée pour succéder notamment à la Commission bancaire, la séparation non seulement fonctionnelle mais organique entre le collège de l’ACP, chargé d’initier les poursuites disciplinaires, et la Commission des sanctions, à laquelle est dévolu
du COMOFI concernées par la décision n° 2011-200 QPC et a organisé au sein de l’ACP instituée pour succéder notamment à la Commission bancaire, la séparation non seulement fonctionnelle mais organique entre le collège de l’ACP, chargé d’initier les poursuites disciplinaires, et la Commission des sanctions, à laquelle est dévolu le pouvoir de réprimer, à l’issue d’une instruction contradictoire, les manquements dont elle est saisie ; que, par son arrêt n° 336839 du 11 avril 2012, le Conseil d’État, statuant au vu de la décision n° 2011-200 QPC, a jugé que celle-ci impliquait d’écarter les dispositions déclarées inconstitutionnelles pour régler tout litige relatif à une décision de sanction prononcée par la Commission bancaire, mais qu’elle ne faisait pas obstacle à ce que la Commission des sanctions de l’ACP, régulièrement saisie par le collège de l’ACP, sanctionne des manquements commis le cas échéant avant l’entrée en vigueur de l’ordonnance du 21 janvier 2010, à la condition seulement, « conformément au principe constitutionnel de non-rétroactivité de la loi pénale plus sévère, de faire application des dispositions de l’article L. 612-39 du COMOFI issues de la même ordonnance dans la limite de l’échelle des sanctions en vigueur au moment de la commission du manquement… retenu » ; 4 que les griefs notifiés à la BPA par le Collège de l’ACP peuvent donc, s’ils sont établis, être sanctionnés par la Commission des sanctions, alors même que c’est la Commission bancaire qui avait ordonné la mission d’inspection dont le rapport a conduit à l’ouverture de la présente procédure ; Sur les « observations liminaires » formulées par la BPA a) Sur le champ d’application dans le temps des dispositions répressives applicables Considérant que, dès avant la transposition de la directive 2005/60/CE du 26 octobre 2005, dite « 3° directive anti-blanchiment », par l’ordonnance n° 2009-104 du 30 janvier 2009 susvisée, le COMOFI obligeait les banques, d’une part, à déclarer à un service spécialisé (TRACFIN), si possible avant même leur exécution (art. L. 562-5), les opérations qui pourraient provenir du trafic de stupéfiants, de la fraude aux intérêts financiers des Communautés européennes, de la corruption ou d’activités criminelles organisées ou qui pourraient participer au financement du terrorisme, ainsi que toute opération dont l’identité du donneur d’ordre ou du bénéficiaire reste douteuse (art. L. 562-2) et à transmettre à TRACFIN toute information de nature à modifier l’appréciation portée lors de la déclaration (art. L. 562-3), d’autre part, à mettre en place des contrôles sur l’identité véritable de leurs clients (art. L. 563-1) ou du bénéficiaire effectif des transactions (IV de l’article R. 563-1), et à examiner particulièrement certaines opérations qui, bien que n’entrant pas dans le champ de l’article L. 562-2, portent sur un montant dépassant 150 000 €, se présentent dans des conditions inhabituelles de complexité et ne paraissent pas avoir de justification économique ou d’objet licite (art. L. 563-3 et R. 563-2) ; que les banques devaient adopter « des procédures internes adaptées à leurs activités destinées à mettre en œuvre (ces obligations)… ainsi qu’un dispositif de contrôle interne destiné à assurer le respect de ces procédures
paraissent pas avoir de justification économique ou d’objet licite (art. L. 563-3 et R. 563-2) ; que les banques devaient adopter « des procédures internes adaptées à leurs activités destinées à mettre en œuvre (ces obligations)… ainsi qu’un dispositif de contrôle interne destiné à assurer le respect de ces procédures », lesquelles devaient organiser « une vigilance constante destinée à permettre la détection des opérations devant faire l’objet d’un examen particulier ou d’une déclaration » (art. R. 563-3) ; que la méconnaissance de l’ensemble de ces obligations, lorsqu’elle résultait soit d’un grave défaut de vigilance, soit d’une carence dans l’organisation des procédures internes de contrôle, justifiait l’ouverture d’une procédure disciplinaire, dont le procureur de la République était avisé (art. L. 562-7) ; qu’en outre, l’article 2 du règlement CRB 91-07 du 14 février 1991, abrogé par l’article 4 de l’arrêté du 29 octobre 2009 (qui en a repris l’essentiel de la teneur dans les nouvelles dispositions introduites à l’article 11-7 du règlement CRBF 97-02 du 21 février 1997 relatif au contrôle interne, tout en étendant et précisant la portée de ces obligations), imposait aux banques de « faire preuve d’une vigilance constante et se doter d’une organisation et de procédures internes propres à assurer le respect des prescriptions » de la loi n° 90-614 du 12 juillet 1990 susvisée ; Considérant que les obligations de vigilance et les obligations déclaratives résultent désormais, respectivement, des articles L. 561-5 à L. 561-14-2 et L. 561-15 à L. 561-22 du COMOFI ainsi que, le cas échéant, des articles insérés dans la partie réglementaire de ce code qui en précisent les modalités d’application ; qu’ainsi l’obligation d’identification est imposée par les articles L. 561-5 et R. 561-5 et suivants du COMOFI ; que l’examen renforcé de certaines opérations atypiques résulte des dispositions du II du nouvel article L. 561-10-2 ; que l’obligation de faire preuve d’une vigilance constante figure désormais au II de l’article L. 561-6 et à l’article R. 561-12 de ce code ; que l’instauration de procédures permettant de mettre en œuvre les obligations en matière de LCB-FT est imposée par l’article 11-7 du règlement n° 97-02 susmentionné ; que l’obligation d’adresser à TRACFIN une déclaration initiale de soupçon est désormais imposée par le I de l’article L. 561-15 du COMOFI, selon des modalités particulières en matière de fraude fiscale précisées au II de ce même 5 article, qui rend nécessaire dans ce domaine que soit satisfait au moins un des 16 critères mentionnés au II de l’article D. 561-32-1 du même code ; que ces obligations ont été le plus souvent étendues ou renforcées par les dispositions résultant de la transposition de la 3ème directive, en sorte que ne saurait être invoqué le principe de la rétroactivité in mitius des dispositions allégeant la répression, faisant obstacle à l’application de dispositions antérieures plus sévères ; Considérant cependant, s’agissant des obligations déclaratives, qu’aux termes de l’ancien article L. 562-3 du COMOFI « toute information de nature à modifier l’appréciation portée par (la banque) lors de la déclaration prévue à l’article L. 562-2 doit être immédiatement
répression, faisant obstacle à l’application de dispositions antérieures plus sévères ; Considérant cependant, s’agissant des obligations déclaratives, qu’aux termes de l’ancien article L. 562-3 du COMOFI « toute information de nature à modifier l’appréciation portée par (la banque) lors de la déclaration prévue à l’article L. 562-2 doit être immédiatement portée à la connaissance (de TRACFIN) » ; que ce texte résulte d’un amendement du Sénat refusant une proposition gouvernementale tendant à imposer aux banques de notifier non seulement les informations de nature à modifier l’appréciation portée dans leur déclaration antérieure, mais aussi celles qui viseraient à la compléter ; que l’ordonnance n° 2009-104 du 30 janvier 2009 a remplacé ces dispositions par celles du V de l’article L. 561-15 du même code aux termes duquel « toute information de nature à infirmer, conforter ou modifier les éléments contenus dans la déclaration est portée, sans délai, à la connaissance (de TRACFIN) » ; que le principe d’interprétation stricte des textes répressifs implique que, jusqu’à l’entrée en vigueur de ce dernier texte, une banque n’était pas tenue, lorsqu’elle avait déclaré à TRACFIN des sommes ou opérations qu’elle estimait pouvoir être liées aux infractions visées par la LCB-FT, de porter immédiatement à la connaissance de ce service les informations qui, sans constituer une novation (comme ce serait par exemple le cas si elles étaient de nature à transformer un simple soupçon en certitude), prouvaient seulement que se poursuivaient les opérations relevant de la même appréciation que celle ayant justifié la première déclaration de soupçon (DS) ; Considérant que si l’article 19 de l’ordonnance n° 2009-104 susvisée prévoit que les banques ne sont pas tenues d’appliquer à leur clientèle existante les nouvelles obligations de vigilance [relatives pour l’essentiel à un approfondissement de la connaissance de leur client et des personnes pour le compte desquelles il agit], désormais prévues aux articles L. 561-5 à L. 561-14 du COMOFI, avant l’expiration d’un délai d’un an à compter de la publication du dernier des décrets d’application de ces articles (soit un an après la publication le 4 septembre 2009 du décret n° 2009-1087), ce différé d’entrée en vigueur, dérogeant au principe d’application immédiate des textes, ne saurait concerner les obligations déclaratives imposées par les autres dispositions de l’ordonnance, résultant notamment des nouveaux articles L. 561-15 à L. 561-22 [lesquels étendent en particulier le champ des soupçons susceptibles d’étayer une déclaration à TRACFIN à l’ensemble des infractions punies d’une peine égale ou supérieure à un an d’emprisonnement] ; que si c’est seulement après la publication du décret n° 2009-874 du 16 juillet 2009 au JO du 18 juillet que sont devenues applicables les dispositions du II de l’article L. 561-15 concernant l’obligation de déclarer des soupçons de fraude fiscale, en revanche l’extension du champ des autres obligations déclaratives résultant desdites dispositions est entrée immédiatement en vigueur ; b) Sur le champ de la vigilance imposée aux banques en matière de LCB-FT Considérant que, contrairement à ce que soutient la BPA (en dernier lieu), ni le seuil des opérations en espèces réalisées par des clients occasionnels, qui, selon l’article R.
desdites dispositions est entrée immédiatement en vigueur ; b) Sur le champ de la vigilance imposée aux banques en matière de LCB-FT Considérant que, contrairement à ce que soutient la BPA (en dernier lieu), ni le seuil des opérations en espèces réalisées par des clients occasionnels, qui, selon l’article R. 563-1, appelaient une vigilance particulière, ni les critères définissant limitativement les opérations importantes, complexes et inexpliquées, qui devaient, selon l’article L. 563-3, faire l’objet d’un examen particulier, consigné dans un dossier à conserver, n’avaient pour objet ou pour effet de borner le champ de la 6 vigilance constante à laquelle les banques étaient alors tenues, d’une part, par les articles L. 563-1 et R. 563-1 pour s’informer exactement de l’identité de leurs clients ou des bénéficiaires effectifs de leurs opérations et, d’autre part, par l’article R. 563-3 et par l’article 2 du règlement CRB 91-07 pour détecter toutes les opérations susceptibles de faire l’objet d’une déclaration de soupçon en vertu de l’article L. 562-2 (quelle qu’en soit l’importance, la complexité ou l’absence de justification apparente) ; c) Sur les conditions d’ouverture d’une procédure disciplinaire en matière de LCB-FT Considérant que les articles L. 562-7 [dont les dispositions sont maintenant reprises au III de l’article L. 561-36] et L. 563-6 [aujourd’hui abrogé] du COMOFI dans sa rédaction applicable prévoient l’ouverture d’une procédure disciplinaire « lorsque par suite soit d’un grave défaut de vigilance, soit d’une carence dans l’organisation de ses procédures internes de contrôle, un organisme financier ou une personne mentionnée à l’article L. 562-1 » a manqué à ses obligations en matière de LCB-FT ; que la Commission bancaire, dans son rapport public 2001, a interprété ces dispositions en précisant que « le législateur a strictement encadré l’utilisation du pouvoir disciplinaire … dans ce domaine en limitant les possibilités d’ouverture d’une procédure à caractère juridictionnel aux cas où le non respect des obligations découle soit d’un ""grave défaut de vigilance"" soit d’une ""carence dans l’organisation des procédures internes et de contrôle"" de l’organisme financier » : que la BPA soutient que l’absence de mention par le Collège que les faits constatés lors du contrôle relevaient de l’une ou l’autre de ces deux catégories affecte la régularité des poursuites ; qu’elle relève d’ailleurs que le rapport définitif de l’inspection ne qualifie plus certaines opérations que de simples « lacunes » alors que, d’après le projet de rapport, elles dénotaient un « grave défaut de vigilance » ; que la commission estime que, le législateur n’ayant imposé au Collège aucune obligation formelle de constat de l’existence de ces conditions spéciales lors de l’ouverture d’une procédure disciplinaire en matière de LCB-FT, il suffit, pour que sa régularité ne soit pas affectée, que les griefs qui la fondent relèvent, s’ils devaient être reconnus comme établis, d’au moins une des deux catégories susmentionnées ; qu’en l’espèce, les faits pour lesquels la BPA est mise en cause (notamment, d’une part des délais anormalement longs dans l’envoi de nombreuses déclarations primitives au service TRACFIN et l’absence d’une telle déclaration, et d’autre part des insuffisances dans le dispositif d’alerte) pouvaient,
moins une des deux catégories susmentionnées ; qu’en l’espèce, les faits pour lesquels la BPA est mise en cause (notamment, d’une part des délais anormalement longs dans l’envoi de nombreuses déclarations primitives au service TRACFIN et l’absence d’une telle déclaration, et d’autre part des insuffisances dans le dispositif d’alerte) pouvaient, à condition d’être établis, résulter d’un grave défaut de vigilance ou d’une carence dans l’organisation de son contrôle interne, en sorte que l’ouverture de la procédure ne peut être regardée comme irrégulière ; d) Sur l’imprécision alléguée des griefs Considérant que la BPA soutient que, dès lors que le contentieux disciplinaire relève de la matière pénale, l’article 6 § 3 a) de la CEDH et l’article 14 §3 a) du Pacte international relatif aux droits civils et politiques imposent que les organismes poursuivis reçoivent une information précise et complète des charges pesant contre eux ; que si la lettre de griefs mentionne le nombre de dossiers individuels pour lesquels un manquement est reproché, cela ne suffit pas à déterminer précisément les faits reprochés et leur qualification juridique ; que plusieurs griefs souffrent d’imprécisions portant soit sur les faits, soit sur les renvois opérés, soit sur les visas ; que la commission constate que la BPA ne mentionne pas dans ses observations liminaires quels griefs seraient insuffisamment précis pour lui permettre de se défendre ; que ce moyen sera donc examiné en même temps que chaque grief ; 7 e) Sur la méconnaissance d’un principe général tiré de la séparation des fonctions de contrôle et de poursuite (voir ci-dessous) Considérant que ni la Cour européenne des droits de l’Homme dans son arrêt DUBUS du 11 juin 2009, ni le Conseil constitutionnel dans sa décision 2011-200 QPC n’ont imposé la séparation entre les fonctions de contrôle et de poursuites disciplinaires dévolues à une autorité de supervision ; que par suite, contrairement à ce que soutient la BPA, rien ne faisait obstacle à ce que le représentant du collège se procure auprès des services du secrétariat général de l’ACP toutes informations légalement acquises par eux, pour en faire état dans le cadre de l’instruction contradictoire devant la commission au soutien des griefs faisant l’objet des poursuites ; qu’en outre aucun principe n’impose que l’ensemble des pièces sélectionnées pour établir les manquements poursuivis soit définitivement figé dans le dossier constitué lors de l’ouverture de la procédure, en sorte que seule l’adjonction ultérieure d’éléments à décharge serait possible ; que la circonstance que l’autorité poursuivante n’aurait pas fait état, lors du contradictoire préalable instauré avant le dépôt du rapport d’inspection, de certaines pièces propres à établir les manquements relevés, ou viendrait à découvrir de telles pièces après l’ouverture de la procédure ne lui interdit pas de les produire devant la commission, à laquelle il appartient seulement de veiller à ce que les conditions de leur communication à l’établissement poursuivi soient parfaitement conformes à l’équité du procès garantie par l’article 6§1 de la CEDH ; Au fond 1. Sur le respect de l’obligation de déclarer à TRACFIN certaines sommes et opérations Considérant que le premier grief reproche à
veiller à ce que les conditions de leur communication à l’établissement poursuivi soient parfaitement conformes à l’équité du procès garantie par l’article 6§1 de la CEDH ; Au fond 1. Sur le respect de l’obligation de déclarer à TRACFIN certaines sommes et opérations Considérant que le premier grief reproche à la BPA d’avoir méconnu ses obligations déclaratives vis-à-vis de TRACFIN et, « à tout le moins » d’avoir manqué de vigilance dans les dossiers concernés ; 1.1. Sur l’ensemble des déclarations examinées par la mission de contrôle 1.1.1. Sur le caractère tardif de 21 déclarations initiales Considérant que si les lignes directrices conjointes de l’ACP et de TRACFIN en date du 21 juin 2010 sur la déclaration de soupçon (ci après DS) indiquent que les établissements assujettis, évitant tout caractère automatique à leurs DS, doivent examiner chaque opération suspecte, ces précisions n’avaient pas pour objet d’écarter l’obligation légale de déclarer sans délai, et le cas échéant avant même leur exécution, toutes les opérations sus rappelées (voir observations liminaires §a), ce document insistant d’ailleurs sur la nécessité que ces organismes aient des dispositifs efficaces pour détecter les anomalies ainsi qu’une connaissance actualisée de leurs clients ; que par suite, contrairement à ce que soutient la BPA, la date à retenir pour apprécier le caractère tardif d’une DS ne saurait être que celle à partir de laquelle les opérations ont pu apparaître comme suspectes et non celle du déclenchement d’une alerte interne lorsque celle-ci est elle-même tardive ; que tout retard dans l’envoi à TRACFIN de ces DS par rapport à la date à laquelle l’opération suspecte a été réalisée doit dès lors être justifié par l’énoncé, dûment documenté, des diligences accomplies pour passer du doute au soupçon ; 8 1.1.1.1. Les opérations de Mme A1 Considérant que Mme A1 disposait chez la BPA de deux comptes de particuliers et d’un compte professionnel, dont le fonctionnement était caractérisé par des remises de chèques suivies de retraits d’espèces de montants équivalents, qui ont respectivement totalisé en 2007 515 kEUR et 485 kEUR ; que rien n’explique les délais séparant le début de ces opérations atypiques (qui ont d’ailleurs donné lieu à une alerte dès le 2 février 2007), l’ouverture du dossier d’investigation le 11 janvier 2008 et la DS du 29 février 2008 ; que celle-ci est donc tardive ; 1.1.1.2. Les opérations de M. A2 Considérant que le compte de M. A2, ancien fonctionnaire de police employé dans un bar/ PMU a été crédité en 2007 de chèques et virements pour un montant total de 104 kEUR, et débité de virements au profit de la société qui l’emploie (également cliente de la BPA) pour un total de 105 kEUR ; que, d’après le rapport d’inspection, en dépit d’une alerte donnée dès le 1er janvier 2007, une DS n’a été adressée que le 29 février 2008 ; que la BPA, produisant des courriels échangés les 13 décembre 2007 et 11 janvier 2008 entre deux de ses agents au sujet de ces mouvements suspects, allègue que la date du 1er janvier 2007 correspondrait non pas à
2007, une DS n’a été adressée que le 29 février 2008 ; que la BPA, produisant des courriels échangés les 13 décembre 2007 et 11 janvier 2008 entre deux de ses agents au sujet de ces mouvements suspects, allègue que la date du 1er janvier 2007 correspondrait non pas à celle d’une alerte donnée par le siège, mais au début de la période suspecte ; qu’à supposer même que ces allégations soient exactes, il ressort du dossier que ces mouvements atypiques et de montants cumulés élevés ont été réalisés en tout cas depuis le début du second semestre 2007 en sorte qu’ils auraient dû être détectés bien avant la fin 2007 ; que le manquement est donc établi ; 1.1.1.3. Les opérations de Mme A3 Considérant que Mme A3, retraitée, effectuait chaque mois de son compte à la BPA des virements compris entre 2 et 5 kEUR vers un compte chèque postal ouvert à Lyon ; qu’au sujet d’un virement effectué en janvier 2008 figurait dans le dossier de la cliente la mention, sans autre explication, « falsifié au niveau du bénéficiaire » ; qu’à la suite d’une alerte donnée le 1er janvier 2008 par l’outil ALERTSWIFT, une DS a été adressée le 21 octobre 2008 ; que la BPA ne justifie pas le délai supérieur à 9 mois séparant l’alerte de la DS ; que le manquement est donc établi ; 1.1.1.4. Les opérations de M. A4 Considérant que le compte de M. A4, client sans profession de nationalité algérienne résidant en Syrie, enregistrait depuis janvier 2007 des rapatriements de fonds suivis de retraits d’espèces pour des montants compris entre 66,8 et 49,2 kEUR (dont 58 retraits de 300 EUR) ; qu’après une alerte donnée par le siège le 4 février 2008, une DS a été adressée le 11 mars 2008 ; qu’une telle succession de retraits espèces, incohérente avec la nature des activités connues du client, aurait dû pousser la BPA à en rechercher sans délai les justifications économiques, ce dont elle ne justifie pas, se bornant à invoquer le caractère tardif de l’alerte ; que la DS est donc tardive ; 1.1.1.5. Les opérations de Mme A5 Considérant que Mme A5, qui a une activité de restauration rapide, a encaissé sur son compte de particulier un chèque de 75kEUR ainsi que des chèques de montants équivalents et ronds entre 2005 et 2007, tirés sur des particuliers et sur la société V sur laquelle la BPA n’avait pas d’information ; que parallèlement, elle a émis des chèques de montants ronds et identiques à l’ordre de cette société, et a encaissé en décembre 2005 et en janvier 2006 4 chèques émis par la société W ; qu’alors que ces opérations auraient dû entrainer sans délai un examen attentif, c’est seulement le 9 11 janvier 2008 qu’une alerte interne a été déclenchée, provoquant une DS le 15 février 2008 ; qu’ainsi, bien que faite dans le mois de l’alerte, cette DS est tardive ; 1.1.1.6. Les opérations de MM. A6 et A7 Considérant que les comptes de MM. A6 et A7, sans
9 11 janvier 2008 qu’une alerte interne a été déclenchée, provoquant une DS le 15 février 2008 ; qu’ainsi, bien que faite dans le mois de l’alerte, cette DS est tardive ; 1.1.1.6. Les opérations de MM. A6 et A7 Considérant que les comptes de MM. A6 et A7, sans emploi, ont été crédités de nombreux prêts à la consommation qu’ils ont contractés, et dont ils ont retiré la plus grande partie en espèces ; qu’ils ont remboursé ces prêts par leurs allocations chômage, des versements en espèces et des remises de chèques ; qu’entre mars et août 2007 les espèces versées et retirées par M. A6 se sont élevées respectivement à 71,5 kEUR et à 29,8 kEUR, le compte de son frère fonctionnant de la même manière ; qu’en dépit de ces incohérences par rapport aux informations détenues sur ces clients, une alerte n’a été donnée que le 1er mars 2008, provoquant, faute de réponse aux interrogations de la banque, l’envoi d’une DS le 3 juin 2008 ; que dans ces conditions, le manquement est établi ; 1.1.1.7. Les opérations de M A8 Considérant que le compte de M. A8, qui vit en Algérie, enregistre depuis au moins 2005 des retraits espèces répétés et des virements sur compte de tiers au Luxembourg ; que la BPA ne s’est aperçue de l’absence de justification de ces opérations qu’après une alerte interne donnée en novembre 2007, ce qui l’a portée à effectuer tardivement une DS en juin 2008 ; 1.1.1.8. Les opérations de MM. A9, A10 et A11 Considérant que les comptes de ces 3 clients, membres de la même famille, ont depuis au moins 2007, fonctionné de façon atypique (versements et retraits espèces, virements internationaux pour un total de 59,1 kEUR, incohérents avec leur situation économique) ; que la BPA ne les a interrogés sur l’origine des fonds et la nature des opérations qu’après une alerte donnée en avril 2008, ce qui, faute de réponse, l’a portée à faire une DS le 3 juin 2008 ; que le manquement est donc établi ; 1.1.1.9. Les opérations de MM. A12 et M. A13 Considérant que ces deux clients, respectivement chef d’entreprise et cadre dans l’hôtellerie, ont effectué entre début 2007 et début 2008 16 versements espèces d’un montant unitaire de 5 kEUR, soit 80 kEUR, puis émis des chèques, la plupart de montants ronds, au bénéfice d’entreprises ; que la BPA, après une alerte donnée seulement en avril 2008, n’a pu connaître l’origine des fonds et a donc adressé une DS le 8 juillet 2008, soit 18 mois après le début du fonctionnement atypique du compte ; que le manquement est donc établi ; 1.1.1.10. Les opérations de M. A14 Considérant que ce client, cadre administratif vivant à Genève, entré en relation avec la BPA en juillet 2008, a, jusqu’en mai 2009, effectué des versements et retraits en espèces pour des montants respectifs de 84 kEUR et 35 kEUR ; qu’après une alerte du 8 octobre 2008, une DS n’a été adressée que le 10 juillet 2009 ; que la BPA allègue, sans
la BPA en juillet 2008, a, jusqu’en mai 2009, effectué des versements et retraits en espèces pour des montants respectifs de 84 kEUR et 35 kEUR ; qu’après une alerte du 8 octobre 2008, une DS n’a été adressée que le 10 juillet 2009 ; que la BPA allègue, sans les démontrer, ses vaines diligences pour recueillir des justificatifs, alors que les éléments qu’elle possédait depuis au moins décembre 2008 suffisaient à procéder à la DS ; que le manquement est donc établi ; 1.1.1.11. Les opérations de M. A15 Considérant que, d’octobre 2007 à mai 2009, le compte de ce client, résident britannique, a enregistré 7 rapatriements de fonds de l’étranger pour un total de 883 kEUR, ainsi que 10 virements 10 domestiques pour un total de 159 kEUR et 110 chèques émis en faveur d’entreprises locales de construction, pour un total de 925 kEUR ; qu’en dépit d’un retrait d’espèces de 23 kEUR effectué en octobre 2007, une alerte n’a été donnée qu’en juin 2008, après laquelle une DS fut adressée en juillet 2009 ; que la BPA explique ces délais par les investigations entreprises après l’alerte, indiquant notamment qu’en février 2009, M. A15 a justifié de l’acquisition d’un chalet et des paiements à des entreprises locales et qu’à l’issue de ces vérifications seuls les mouvements en espèces d’un montant cumulé de 101,1 kEUR (et non 10.1 kEUR comme mentionné par erreur par le rapporteur) ressortaient en flux atypiques ; que ces diligences ne justifient cependant pas le retard mis à les effectuer, puis à souscrire la DS ; 1.1.1.12. Les opérations de M. A16 Considérant que ce client, non-résident de nationalité algérienne et agent d’une banque suisse, a ouvert à l’agence de W de la BPA un compte de passage, qui a enregistré entre mai 2008 et mai 2009 324 kEUR de mouvements créditeurs (dont 41 versements espèces pour 282 kEUR) et 312 kEUR de mouvements débiteurs ; qu’en dépit de ce fonctionnement atypique, une alerte n’a été donnée qu’en mars 2009, laquelle, faute de justification de ces opérations, a été suivie d’une DS en août 2009, soit plus d’un an après le début des opérations qui l’ont motivée ; que le manquement est établi ; 1.1.1.13. Les opérations de M. A17 Considérant que ce client utilisait son compte personnel pour y porter les recettes en espèces de son activité de Pizzeria et régler ses fournisseurs, dans des conditions susceptibles de révéler une fraude fiscale ; que le soupçon d’un tel délit n’étant entré dans le champ de ses obligations déclaratives qu’après la publication au JO du 18 juillet 2009 du décret 2009-874 susvisé, la BPA ne peut se voir reprocher d’avoir attendu le 10 août 2009 pour adresser une DS, après vérification qu’était rempli au moins l’un des 16 critères énumérés à l’article 2 de ce décret ; que le manquement n’est donc pas établi ; que par ailleurs le dossier ne fait pas apparaître un défaut de vigilance de la banque à l’égard de ce client ; 1.1.1.14. Les opérations de M. A18 Considérant que ce client
16 critères énumérés à l’article 2 de ce décret ; que le manquement n’est donc pas établi ; que par ailleurs le dossier ne fait pas apparaître un défaut de vigilance de la banque à l’égard de ce client ; 1.1.1.14. Les opérations de M. A18 Considérant que ce client dispose, en sus de son compte personnel, de 14 comptes ouverts au nom de sociétés, dont le solde est généralement proche de zéro et sur lesquels ont été enregistrés, d’une part en mai 2007, 4 virements de montants respectifs de 300 kEUR, 125 kEUR, 150 kEUR et 35 kEUR et d’autre part, entre janvier 2008 et juin 2009, 142 virements pour un montant total de 4 MEUR ; que ces mouvements ont été complétés par des flux reçus ou à destination de comptes ouverts au nom du client dans d’autres établissements ; que, comme le relève le rapport d’inspection, c’est un soupçon de fraude fiscale qui a justifié la transmission d’une DS le 14 août 2009 ; qu’ainsi qu’il a été dit au §1.1.1.13, il ne peut être reproché à la BPA d’avoir attendu cette date pour saisir TRACFIN d’un tel soupçon ; qu’en revanche le dossier fait apparaître un défaut de vigilance de la banque à l’égard de ce client, puisque c’est plus de deux ans après les importants virements de mai 2007 qu’elle a commencé ses investigations ; 1.1.1.15. Les opérations de M. A19 Considérant que les remises d’espèces (73 versements pour 68,5 kEUR) ont représenté de janvier 2008 à juillet 2009 les principaux mouvements créditeurs sur le compte de ce médecin 11 hospitalier non résident ; que la BPA ne justifie pas son retard à transmettre une DS en septembre 2009 ; que le manquement est donc établi ; 1.1.1.16. Les opérations de Mme A20 Considérant que Mme A20, cliente non résidente de nationalité turque, employée d’une grande surface, a effectué des retraits d’espèces pour un montant cumulé sur 7 mois de 36,4 kEUR, aussitôt après l’encaissement de chèques établis par une société de peinture à l’ordre de son époux, artisan peintre et plâtrier, dans des conditions susceptibles de révéler une fraude fiscale ; qu’ainsi qu’il a été dit au §1.1.1.13, il ne peut être reproché à la BPA d’avoir attendu le 22 septembre 2009 pour saisir TRACFIN d’un tel soupçon ; que le manquement n’est donc pas établi ; que par ailleurs le dossier ne fait pas apparaître un défaut de vigilance de la banque à l’égard de ce client ; 1.1.1.17. Les opérations de M. A21 Considérant que, comme le reconnaît le représentant du collège, c’est par erreur que le grief a reproché à la BPA d’avoir souscrit tardivement une première DS en méconnaissance des dispositions précitées de l’ancien article L. 562-2 du COMOFI ; qu’en effet le rapport d’inspection reprochait en réalité le caractère tardif de la DS souscrite en septembre 2009, en complément de celle de décembre 2007, grief qui n’aurait pu être qualifié qu’au regard de l’article L. 562-3 du même code ; qu’en raison de cette erreur, le grief notifié ne peut qu’être
le rapport d’inspection reprochait en réalité le caractère tardif de la DS souscrite en septembre 2009, en complément de celle de décembre 2007, grief qui n’aurait pu être qualifié qu’au regard de l’article L. 562-3 du même code ; qu’en raison de cette erreur, le grief notifié ne peut qu’être écarté au regard de la qualification retenue ; que par ailleurs le dossier ne fait pas apparaître un défaut de vigilance à l’égard de ce client ; 1.1.1.18. Les opérations de MM. A22 Considérant que les 4 frères A22, disposant d’un compte joint « travaux », ont en 2007 sollicité des prêts pour un montant total de 617 kEUR pour financer l’achat d’un terrain et la construction d’une maison , et ont retiré 119 kEUR en espèces ; qu’après une alerte donnée en août 2008, la BPA a demandé des justificatifs de l’utilisation de ces retraits, et, faute de les obtenir, a adressé une DS le 9 mars 2009 ; qu’un tel délai implique un retard excessif ; 1.1.1.19. Les opérations de M. A23 Considérant que ce client, moniteur de ski, a versé sur son compte 24 kEUR en espèces, provenant soi-disant d’un de ses amis ; qu’à la suite d’une alerte en mai 2008, la BPA n’a adressé une DS que 10 mois plus tard, et n’explique pas l’ampleur de ce délai ; que le manquement est établi ; 1.1.1.20. Les opérations de M. A24 Considérant qu’à partir du début 2008 ce client, fonctionnaire retraité, a encaissé 27 chèques totalisant 450 kEUR, et a acquis pour 690 kEUR d’or ainsi que 164 kEUR de francs suisses ; que ce n’est qu’après une alerte donnée en mars 2009 que la BPA s’est préoccupée de l’origine de ces chèques puis, devant le refus de l’intéressé de justifier leur origine locative alléguée et de fournir une évaluation de son patrimoine, a procédé en juillet 2009 à une DS, soit plus d’un an après le début des opérations en cause ; que le manquement est donc établi ; 12 1.1.1.21. Les opérations de M. A25 Considérant que ce client a réalisé, de janvier 2008 à mai 2009, 15 transferts vers le Luxembourg pour 35 kEUR ; qu’à la suite d’une alerte donnée en avril 2009, la BPA, n’obtenant pas d’information sur le bénéficiaire et la motivation de ces transferts, n’a pas écarté l’hypothèse qu’ils puissent correspondre au « financement de travail clandestin en bande organisée » et a adressé une DS le 20 juillet 2009 ; qu’elle n’explique pas le délai de plus de 2 mois séparant l’alerte de la DS et ne critique pas le grief sur ce point ; que celui-ci est donc établi ; Considérant qu’au terme de cet examen, il apparaît que 17 des 21 DS initiales litigieuses ont été souscrites par la BPA avec un retard important, non justifié par les circonstances, en méconnaissance des exigences de l’article L. 562-2 ancien du COMOFI, et que 18 de ces dossiers traduisent en outre un défaut dans la vigilance constante imposée aux banques par l’article 2 du règlement CRBF n° 91-07, dont
par la BPA avec un retard important, non justifié par les circonstances, en méconnaissance des exigences de l’article L. 562-2 ancien du COMOFI, et que 18 de ces dossiers traduisent en outre un défaut dans la vigilance constante imposée aux banques par l’article 2 du règlement CRBF n° 91-07, dont les éléments constitutifs ont été maintenus et consacrés au niveau législatif dans l'article L. 561-6 issu de l'ordonnance susvisée ; 1.1.2. Sur le caractère tardif d’une déclaration complémentaire (les opérations sur le compte de M. B1) Considérant qu’alors qu’elle avait souscrit en octobre 2007 une DS concernant des remises et retraits d’espèces effectués par M. B1 pour un total de 212,4 kEUR, la BPA ne peut, en application du principe de non-rétroactivité de la loi pénale plus sévère (cf ci-dessus §a) des observations liminaires), se voir reprocher de n’avoir pas immédiatement informé TRACFIN des opérations similaires que l’intéressé continuait à réaliser, et d’avoir attendu juillet 2009 pour procéder à une déclaration complémentaire de ces opérations (remises de chèques pour un total de 356,6 kEUR, retraits d’espèces à hauteur de 220 kEUR, chèques de banque émis pour un total de 152,6 kEUR), de nature à conforter sa première DS ; que le grief n’est donc pas établi ; que par ailleurs le dossier ne fait pas apparaître un défaut de vigilance de la banque à l’égard de ce client ; 1.2. Sur les opérations de 2 clients qui, d’après l’inspection, auraient du faire l’objet d’une DS, initiale ou complémentaire 1.2.1. Le compte joint des époux C1 Considérant que les opérations de M. C1 et de son épouse ont fait l’objet d’une DS en décembre 2007, après des retraits d’espèces de 80 kEUR motivés par l’allégation non justifiée du règlement de travaux dans leur maison ; que la surveillance de ce compte joint a fait apparaître la poursuite de retraits espèces (100 kEUR entre mai et août 2008 selon le rapport, 30 kEUR pour la même période d’après le relevé de comptes produit en défense), les clients alléguant toujours la nécessité de régler des travaux, ainsi que l’organisation d’une fête familiale ; qu’examinant ces nouvelles opérations le 2 octobre 2008, le comité de surveillance interne de la BPA a décidé de ne pas faire de nouvelle DS, mais de revoir le dossier en juin 2009 ; qu’en l’espèce il ne ressort pas du dossier que la poursuite de ces retraits d’espèces constituait une information de nature à modifier l’appréciation ayant justifié la DS de décembre 2007 ; que par suite, pour les motifs précédemment indiqués, il ne peut être reproché à la BPA, sous l’empire des dispositions alors applicables, de ne l’avoir pas transmise à TRACFIN ; que par ailleurs le dossier ne fait pas apparaître un défaut de vigilance de la banque à l’égard de ce client ; 13 1.2.2. Le compte de Mme C2 Considérant que le compte de Mme C2, ouvert en mars 2005 à l’agence de X, a été mis sous surveillance en 2008 parce qu’il enregistrait des virements mensuels de 10,5 kEUR en provenance d’un compte ouvert au Y
l’égard de ce client ; 13 1.2.2. Le compte de Mme C2 Considérant que le compte de Mme C2, ouvert en mars 2005 à l’agence de X, a été mis sous surveillance en 2008 parce qu’il enregistrait des virements mensuels de 10,5 kEUR en provenance d’un compte ouvert au Y au nom d’une société Z ; qu’il ressort de documents internes à la BPA qu’en octobre 2008, le directeur de cette agence, prié de se renseigner sur les avoirs et les ressources de sa cliente « sur laquelle (la BPA) ne sait rien (et) qui fait beaucoup d’opérations avec la Suisse », répond, après l’avoir reçue ainsi que son avocat (un grand cabinet de Genève, auprès duquel elle a élu domicile) et son comptable, que celle-ci est rentière, que la société Z appartient à ses parents, que les virements susmentionnés « correspondent à un remboursement de prêt suite à l’acquisition d’un bien immobilier sis au Cap d’Ail (à Monaco) pour une valeur de 5,2 MEUR » et « servent à payer toutes les charges de ce bien, ainsi que son personnel » ; qu’il ressort du dossier que la BPA s’est contentée de ce que le Crédit Suisse et ledit avocat étaient eux-mêmes soumis à des obligations de surveillance en matière de LCB-FT pour se dispenser de vérifier la réalité des allégations orales ainsi données (notamment sur l’existence dudit prêt), et la nature des activités de la société Z ; qu’en l’état de ses informations, il appartenait à la BPA de souscrire une DS ; que le grief est donc établi ; qu’ainsi qu’il a été dit ci-dessus [observations liminaires, § e)], la circonstance que l’inspection, qui s’était fait remettre pendant son contrôle les documents susmentionnés, sans pour autant les annexer à son rapport, les a ensuite remis au représentant du collège pour lui permettre d’étayer sa réplique ne saurait entacher la régularité de la procédure ; 2. Sur le respect de l’obligation de vigilance constante Considérant que, selon le présent grief (et sans préjudice du grief suivant relatif aux lacunes en matière d’identification de la clientèle), l’exercice de la vigilance au sein de la BPA aurait été lacunaire, en raison de carences affectant son dispositif de surveillance sur six points ; 2.1. L’exploitation des « requêtes » dans le dispositif antérieur à l’outil « NORKOM » Considérant qu’il est reproché à la BPA, avant le déploiement de son nouvel outil « NORKOM » (achevé en mai 2009), de ne pas avoir mis en place un suivi de ses contrôles permettant de vérifier l’exploitation systématique des requêtes informatiques qui l’aidaient à détecter les opérations atypiques ; qu’alors que, dans un premier temps, la BPA, sans nier cette absence de suivi, s’était bornée à alléguer l’imprécision du grief et à soutenir qu’elle n’était réglementairement obligée que d’examiner les opérations remplissant les critères d’importance, de complexité et d’absence de motivation économique apparente alors définis à l’article L. 563-3 du COMOFI, en sorte que le système de « requêtes » informatiques qu’elle avait spontanément instauré, couvrant un champ beaucoup plus large que celui visé par
réglementairement obligée que d’examiner les opérations remplissant les critères d’importance, de complexité et d’absence de motivation économique apparente alors définis à l’article L. 563-3 du COMOFI, en sorte que le système de « requêtes » informatiques qu’elle avait spontanément instauré, couvrant un champ beaucoup plus large que celui visé par les articles R. 563-1 et L. 563-3, était nécessairement plus exigeant, elle a en revanche produit, en annexe 30 jointe à ses observations déposées le 25 mai 2012 sur le rapport de M. BOUCHEZ, un tableau « des dossiers d’instruction ouverts par la cellule sécurité financière entre le 1er janvier 2007 et le 30 juin 2009 dans le cadre de l’exploitation du résultat des requêtes du système de surveillance », d’où il résulte que cette exploitation n’était pas dépourvue de tout suivi ; que si le représentant du collège a remarqué en séance que ce tableau pouvait ne concerner que celles des requêtes ayant fait l’objet d’investigations de la part des services, et qu’il ne suffirait donc pas à prouver le caractère systématique de ce suivi, la commission estime néanmoins que l’autorité poursuivante, à qui il appartient d’établir les manquements qu’elle poursuit, ne peut en 14 l’espèce être regardée comme ayant apporté la preuve de l’absence du caractère systématique qu’elle dénonce ; 2.2. L’exploitation des alertes pendant la phase de déploiement de « NORKOM » Considérant qu’il est également reproché à la BPA d’avoir abandonné son système antérieur d’alerte dès le mois de mars 2009, deux mois avant l’achèvement du déploiement de son nouvel outil ; que tout en reconnaissant le fait, confirmé par l’absence totale d’alertes pendant le mois d’avril 2009, la banque se borne à soutenir à nouveau que ses obligations réglementaires de vigilance étaient, avant l’entrée en vigueur du nouveau dispositif issu de l’ordonnance 2009-104, bornées par les critères objectifs fixés aux articles R. 563-1 et L. 563-3, argument qui a déjà été écarté ainsi qu’il vient d’être dit ; que, relevant que l’Inspection n’a pas détecté d’opération atypique au cours de ce délai, elle allègue que l’absence de surveillance serait restée sans incidence ; qu’il est établi que la banque s’est privée de tout moyen de le faire pendant cette courte période ; 2.3. Le classement sans suite des opérations atypiques Considérant que, selon le grief, les commentaires apportés par les agences sur les fiches qu’elles remplissent pour justifier le classement sans suite des opérations atypiques auraient été « trop succincts et insuffisamment explicites » ; que, alors même qu’aucun texte ne l’impose, la conservation des traces de l’existence et de l’étendue des diligences effectuées ainsi que de l’analyse qui a conduit à un classement sans suite, est en principe nécessaire pour mettre à même les auditeurs internes ou externes de vérifier la qualité du dispositif de vigilance ; que cependant en l’espèce, le grief, qui n’est étayé d’aucun exemple, est rédigé en termes trop généraux pour être retenu ; 2.4. Le champ couvert par « NORKOM » Considérant que, selon le grief, l’outil NORKOM ne couvrait pas les comptes en devises ouverts par la clientèle ; que
; que cependant en l’espèce, le grief, qui n’est étayé d’aucun exemple, est rédigé en termes trop généraux pour être retenu ; 2.4. Le champ couvert par « NORKOM » Considérant que, selon le grief, l’outil NORKOM ne couvrait pas les comptes en devises ouverts par la clientèle ; que la BPA ne conteste pas cette omission, mais se borne à souligner qu’elle a été compensée par la mise en place d’un contrôle manuel en 2010, tout en alléguant, en n’en fournissant qu’un seul exemple, que des contrôles de ce type avaient déjà été effectués avant la mise en place de NORKOM ; que sur ce point le manquement est donc établi ; 2.5. Le paramétrage de l’outil « NORKOM » Considérant que s’il est reproché au paramétrage de l’outil NORKOM de présenter des carences, en l’absence de formalisation des codes à retenir ou à exclure, une telle formalisation, pour souhaitable qu’elle soit, n’est imposée par aucun texte, le non respect éventuel de l’obligation de vigilance ne pouvant être apprécié qu’au stade des conséquences des choix retenus, comme c’est par exemple le cas pour l’absence d’intégration des opérations en devise ; qu’en elle-même, l’absence de formalisation ne constitue donc pas un manquement ; 2.6. L’absence de détection ou d’analyse de certaines opérations atypiques Considérant que selon le grief, l’examen d’un échantillon d’opérations aurait établi que la moitié (81) des 163 opérations effectuées du 1er janvier 2008 au 31 octobre 2009 identifiées par l’inspection comme inhabituelles n’auraient pas été détectées par la BPA, qui n’aurait donc pas vérifié leur justification économique et la licéité de leur objet ; que les explications et justificatifs fournis par la cellule sécurité financière de la BPA sur plusieurs opérations atypiques analysées par l’inspection, ainsi que sur les comptes de non résidents sélectionnés par l’inspection, auraient été recueillis a 15 posteriori et seraient en outre insuffisants dans 9 cas (dossiers D1, D2, D3, D4 et D5, D6, D7, D8, D9 et D10 ; Considérant que, dès avant l’application de la nouvelle « approche par les risques » retenue par la troisième directive anti-blanchiment, l’obligation imposée aux banques par l’article 2 du règlement 91-07 susvisé, de faire preuve d’une vigilance constante et de se doter d’une organisation et de procédures internes propres à assurer le respect des prescriptions de la loi du 12 juillet 1990 et du décret du 13 février 1991 (notamment articles L. 562-2, L. 563-1, L. 563-3 et R. 563-3 anciens du COMOFI) les contraignait à mettre en place un dispositif de détection de toutes les opérations inhabituelles (ou « atypiques ») de leurs clients susceptibles, après analyse, de donner lieu à l’envoi d’une DS ou, le cas échéant, à la constitution d’un dossier de renseignement ; que l’absence de détection (et par suite d’analyse) d’une telle opération constitue donc par elle-même un manquement (quelle que soit la pertinence des explications données a posteriori à son sujet) ; que la banque reprend vainement en défense le caractère insuffisamment précis du grief (alors que celui-ci renvoie clairement aux précisions détaillées contenues dans des annexes au rapport) ainsi
telle opération constitue donc par elle-même un manquement (quelle que soit la pertinence des explications données a posteriori à son sujet) ; que la banque reprend vainement en défense le caractère insuffisamment précis du grief (alors que celui-ci renvoie clairement aux précisions détaillées contenues dans des annexes au rapport) ainsi que son argumentation infondée sur les prétendues limites qui auraient borné son obligation de vigilance avant l’entrée en vigueur de l’ordonnance du 30 janvier 2009 (cf. ci-dessus a) du § relatif aux observations liminaires) ; que si, d’une part, la BPA a démontré qu’elle avait en réalité détecté certaines des 81 opérations identifiées par l’inspection comme ne l’ayant pas été (par exemple les dossiers D7, D8, D9 et D10) et si, d’autre part, la mise en place de l’outil NORKOM, et les améliorations qui lui ont été ensuite apportées ont sensiblement accru l’efficacité du dispositif de détection, il reste que celui-ci, pour la période couverte par le contrôle, n’avait pas permis la détection de nombreuses opérations sélectionnées comme inhabituelles par l’inspection (dans les catégories « mises à disposition », versements et retraits espèces, chèques remis et tirés, virements domestiques ou internationaux émis et reçus), ce qui suffit à établir le grief ; Considérant que sur les 9 cas sus énumérés, trois (D2 ; D3 ; D4 et D5) n’avaient pas été détectés et relèvent donc du manquement qui vient d’être examiné ; qu’il apparaît pour les six autres : - que les opérations réalisées par la société D9 ou par Mme D10 en 2008 ou 2009 correspondaient aux critères d’importance, de complexité et d’absence de justification apparente alors définis par l’article L. 563-3 du COMOFI (resté en vigueur jusqu’au 5 septembre 2010, date à laquelle, en vertu de l’article 19 de l’ordonnance 2009-104 susvisée, sont devenues applicables les dispositions du II de l’article L. 561-10-2 du COMOFI, issu de l’article 2 de ladite ordonnance) ; que faute d’avoir constitué le dossier de renseignements exigé par cet article, et alors même qu’elle démontrerait que les dites opérations n’auraient pas justifié une DS, la BPA a manqué à ses obligations de vigilance ; - que les opérations de MM. D1, D6, D7 et de la société D8 n’ont fait à l’époque l’objet d’aucune analyse ; que par suite, alors même qu’elle se serait procuré à la suite de l’inspection les éléments propres à les justifier, la BPA a manqué à ses obligations de vigilance ; Considérant qu’il résulte de tout ce qui précède que, sous réserve de ce qui a été dit aux § 2.1, 2.3 et 2.5, le second grief est constitué, sans qu’y fasse obstacle le fait que l’inspection n’aurait demandé à la BPA de justifier un grand nombre d’opérations qu’à la fin du contrôle et en lui laissant un délai insuffisant pour ce faire, dès lors que l’instruction contradictoire devant la commission a, en tout état de cause, pu suppléer à cette prétendue insuffisance ; 16 3. Sur les diligences en matière d’identification de la clientèle Considérant qu’il est reproché à la BPA de ne pas avoir respecté ses obligations en
pour ce faire, dès lors que l’instruction contradictoire devant la commission a, en tout état de cause, pu suppléer à cette prétendue insuffisance ; 16 3. Sur les diligences en matière d’identification de la clientèle Considérant qu’il est reproché à la BPA de ne pas avoir respecté ses obligations en matière d’identification de ses clients résultant des articles L. 563-1 et R. 563-1 du COMOFI, dont les éléments constitutifs ont été repris aux articles L. 561-5 et R. 561-5) ; que ces textes lui imposaient de s’assurer de l’identité de ses clients par l’examen (en conservant la copie ou les références du document présenté), s’agissant d’une personne physique, d’un « document officiel en cours de validité portant sa photographie » et, s’agissant d’une personne morale, de l’original ou l’expédition de la copie certifiée conforme de tout acte ou extrait de registre officiel constatant la dénomination, la forme juridique et le siège social, ainsi que des pièces relatives à l’identité et aux pouvoirs de son ou ses représentants ; que, selon le grief, l’examen d’un échantillon de 435 et 497 dossiers d’ouvertures de compte, respectivement pour 2008 et 2009, aurait fait ressortir des anomalies affectant la documentation des dossiers ; que pour les personnes physiques, l'absence de justificatif d'identité aurait été relevée dans 1.6% des dossiers (soit 7) en 2008 et 7.7% des dossiers (soit 15) en 2009 ; que pour les personnes morales, le justificatif d'identité des représentants aurait également été absent dans plusieurs cas (dans 8,1 % des cas en 2008 et dans 16 dossiers en 2009) et le Kbis serait absent (dans 5,6 % des cas en 2008 et dans 7,6 % des cas en 2009) ou non conforme (dans 21,5 % des cas en 2008 et dans un tiers des cas en 2009) ; que le justificatif de domicile serait également absent ou non conforme dans plusieurs dossiers ; que de surcroît, les contrôles effectués en 2009 sur la régularisation des entrées en relation de 2008 en anomalie auraient révélé le faible taux de régularisation des dossiers ; Considérant que la circonstance que les insuffisances retenues par le grief avaient été détectées par la cellule de sécurité financière de la BPA ou constituaient une violation des procédures internes de la BPA n’enlève rien au bien fondé du grief qui porte uniquement sur le constat factuel du défaut de complétude des dossiers, et non sur la qualité du contenu des instructions données au personnel ; que de même, l’invocation par la BPA d’une décision de la Commission des sanctions de l’AMF mettant hors de cause un établissement auquel était reproché l’insuffisance des moyens qu’il consacrait à son contrôle interne (AMF, 22 avril 2004, KBC SECURITIES) n’est pas pertinente en l’espèce, où tel n’est pas l’objet du grief ; qu’un dossier d’identification du client peut valablement retenir son permis de conduire, en sorte que, au regard du grief notifié, il ne peut être reproché à la BPA de l’avoir fait en 2009, fût-ce en méconnaissance de ses propres instructions ; qu’eu égard à l’impossibilité de distinguer, au sein des 15 dossiers
d’identification du client peut valablement retenir son permis de conduire, en sorte que, au regard du grief notifié, il ne peut être reproché à la BPA de l’avoir fait en 2009, fût-ce en méconnaissance de ses propres instructions ; qu’eu égard à l’impossibilité de distinguer, au sein des 15 dossiers de 2009 les cas concernés par ce reproche infondé, il y a lieu d’écarter la totalité de ces 15 dossiers ; que, pour le surplus, contrairement à ce qu’elle soutient, les faits reprochés à la BPA sont formulés en termes précis, se rapportant à l’absence de justificatifs d’identité des personnes physiques (pour 2008), de justificatifs de domicile, de justificatifs d’identité des représentants de personnes morales, de documents relatifs à la représentation des clients personnes morales ou à des insuffisances affectant les pièces dont copie a été effectuée pour identifier les personnes morales (absence ou non-conformité des K-bis) ; que l’absence au dossier disciplinaire du rapport interne de la BPA constatant ces carences ne prive pas celle-ci d’un moyen de se défendre, dès lors qu’elle peut consulter ce rapport interne et déterminer les dossiers pour lesquels les reproches lui paraitraient infondés ; qu’il est indifférent que l’Inspection ait analysé les obligations de l’établissement en anticipant sur les nouvelles dispositions issues de la transposition de la 3ème directive anti-blanchiment, dès lors que cette erreur, à supposer qu’elle soit avérée, n’est pas reproduite dans la notification de grief ; qu’ainsi, à l’exception des 15 dossiers concernant les personnes physiques en 2009, le manquement est établi ; 17 4. Sur les procédures internes Considérant que l’article R. 563-3 du COMOFI, abrogé par le décret n° 2009-1087 du 2 septembre 2009, imposait aux établissements assujettis d’adopter « des procédures internes adaptées à leurs activités destinées à mettre en œuvre les obligations de lutte contre le blanchiment des capitaux et le financement du terrorisme prévues par le présent titre VI, ainsi qu'un dispositif de contrôle interne destiné à assurer le respect des procédures » ; que l’article R. 561-38 du COMOFI introduit par le décret n° 2009-1087 du 2 septembre 2009 leur impose de définir les procédures à appliquer pour le contrôle des risques, la mise en œuvre des mesures de vigilance relatives à la clientèle, la conservation des pièces, la détection des transactions inhabituelles ou suspectes et le respect de leurs obligations déclaratives ; que l’article 11-7 du règlement CRBF 97-02, introduit par l’arrêté du 29 octobre 2009, leur impose (point 2-2) de se doter de dispositifs permettant de détecter non seulement les opérations qui constituent des anomalies au regard du profil des relations d’affaires et qui pourraient faire l’objet soit d’un examen renforcé soit d’une déclaration de soupçon, mais encore toute opération au bénéfice d’une personne ou d’une entité faisant l’objet d’une mesure de gel des fonds, instruments financiers et ressources économiques ; qu’enfin le c) de l’article 2 du règlement CRB 91-02, relatif aux procédures internes dont doivent se doter les banques pour assurer le respect de la loi du 12 juillet 1990, mentionne l’obligation de conserver les informations, déclarations et documents relatifs aux déclarations
fonds, instruments financiers et ressources économiques ; qu’enfin le c) de l’article 2 du règlement CRB 91-02, relatif aux procédures internes dont doivent se doter les banques pour assurer le respect de la loi du 12 juillet 1990, mentionne l’obligation de conserver les informations, déclarations et documents relatifs aux déclarations de soupçons et aux opérations ayant donné lieu à examen approfondi ; Considérant qu’il est reproché aux procédures internes de la BPA de ne pas couvrir l’ensemble des activités ou des contrôles à réaliser (4-1), d’être remplacées par de simples modes opératoires en ce qui concerne le gel des avoirs (seul exemple cité par le grief) (4-2) et de n’avoir pas été mises à jour pour y intégrer les dispositions résultant de la transposition de la 3ème directive anti-blanchiment (4-3) ; 4.1 Le champ des procédures internes Considérant que, selon le grief, il n’existerait pas de procédure relative à l’identification du bénéficiaire effectif de l’ouverture d’un compte, à la gestion des opérations des clients occasionnels et à l’archivage des dossiers en agence ; que de plus certaines procédures seraient imprécises, en matière de contrôle des ouvertures de compte par le directeur d’agence ou de mise sous surveillance des opérations des clients ; 4.1.1 L’identification des bénéficiaires effectifs lors de l’ouverture d’un compte Considérant que le fait pour le grief de reposer, par renvoi, sur les informations contenues à l’annexe 2-1 du rapport d’inspection est sans conséquence sur sa régularité ; qu’ainsi qu’il a été dit (§a) des observations liminaires) le §IV de l’article R. 563-1 du COMOFI dans sa rédaction antérieure à la transposition de la 3° directive imposait déjà aux banques d’identifier le « bénéficiaire effectif » des transactions, défini comme « la personne pour le compte de laquelle l’opération est en réalité effectuée ou demandée » ; qu’il ressort du dossier que les procédures d’ouverture de compte n’évoquaient pas cette notion ; que la simple mention d’un devoir de vigilance dans ces procédures ne pouvait combler cette lacune ; qu’ainsi cette partie du grief est constituée ; 18 4.1.2 Les opérations des clients occasionnels Considérant que, contrairement à la notification de grief, qui reproche à la BPA l’absence de toute procédure relative à la gestion des clients occasionnels, il ressort des annexes 2-2 et 2-4 que la BPA a mis en place deux procédures relatives aux opérations que la clientèle occasionnelle peut réaliser, l’une sur les « mises à disposition » et l’autre sur le remboursement de chèques de voyage ; qu’ainsi, alors même qu’il n’existerait pas une instruction spécifique traitant de tous les aspects de la gestion de ces clients, cette partie du grief peut être abandonnée ; 4.1.3 L’archivage des dossiers en agence Considérant que le c) de l’article 2 du règlement 91-02, ci-dessus résumé, doit être regardé comme imposant aux banques non seulement d’archiver leurs dossiers en matière de LCB-FT, mais encore de prévoir une procédure pour ce faire ; que la seule circonstance que l’organe central avait défini à cette fin des lignes directrices ne dispensait pas la BPA, comme celles-ci l’y invitaient expressément, de les
comme imposant aux banques non seulement d’archiver leurs dossiers en matière de LCB-FT, mais encore de prévoir une procédure pour ce faire ; que la seule circonstance que l’organe central avait défini à cette fin des lignes directrices ne dispensait pas la BPA, comme celles-ci l’y invitaient expressément, de les adapter « en fonction de son organisation, ses activités, sa clientèle, ses implantations et ses risques identifiés » ; que la mention de modalités d’archivage dans certaines fiches de procédures, concernant notamment l’ouverture des comptes courants ou de livrets d’épargne, si elle est de nature à relativiser la portée du grief, ne saurait combler l’absence d’une instruction, adaptée à l’organisation et à l’activité propres de la BPA, couvrant l’ensemble des consignes d’archivage ; que cette partie du grief est donc constituée ; 4.1.4 L’imprécision du contrôle des ouvertures de compte par les directeurs d’agence et de la mise sous surveillance des opérations clients Considérant que la rédaction des documents intitulés : -/ « Comptes ordinaires - Contrôler et viser l’ouverture d’un compte courant à une entrée en relation par le responsable d’agence », prévoyant un contrôle qualitatif et quantitatif du directeur d’agence -/ « Suivre dossier sous surveillance » formalisé dans la procédure « Blanchiment -TRACFIN - Investiguer les opérations suspectes » ne parait pas excessivement imprécise ; que cette partie du grief peut donc être écartée ; 4.2 L’insuffisante consistance des procédures en matière de gel des avoirs Considérant que ni le règlement CRB 91-07 modifié (aujourd’hui abrogé) « relatif à la lutte contre le blanchiment des capitaux provenant du trafic des stupéfiants », ni l’article R. 561-38 du COMOFI ne mentionnent le gel des avoirs parmi les domaines devant être couverts par les procédures internes des banques ; qu’en revanche, le point 2.2. de l’article 11-7 du règlement CRBF 97-02 dans sa rédaction issue de l’arrêté du 29 octobre 2009 leur a imposé de se doter « de dispositifs adaptés à leurs activités, permettant de détecter toute opération au bénéfice d’une personne ou d’une entité faisant l’objet d’une mesure de gel des fonds, instruments financiers et ressources économiques » ; que la mise en place de procédures internes constitue la première étape d’un tel dispositif ; qu’en se contentant, dans son dispositif, de simples modes opératoires sur ce sujet, listant des tâches à effectuer pour réaliser un contrôle donné, sans décrire les modalités du contrôle, son objet, ainsi que les modalités d’exploitation des résultats, la BPA a enfreint cette obligation ; que celle-ci ayant été introduite dans le règlement CRBF 97-02 susvisé par l’arrêté susmentionné du 29 octobre 2009, antérieur à la signature du rapport (10 septembre 2010) qui marque la fin de la vérification sur place, le 19 manquement est établi à compter de cette date ; qu’au regard des dispositions de cet article, la deuxième partie du grief est donc établie ; 4.3 L’absence de mise à jour des procédures après la 3ème directive Considérant que, selon le grief, au terme du contrôle sur place, la BPA n’aurait pas commencé à mettre à jour ses procédures pour y
des dispositions de cet article, la deuxième partie du grief est donc établie ; 4.3 L’absence de mise à jour des procédures après la 3ème directive Considérant que, selon le grief, au terme du contrôle sur place, la BPA n’aurait pas commencé à mettre à jour ses procédures pour y intégrer les dispositions issues de l’ordonnance du 30 janvier 2009 et des textes pris pour son application, à l’exception de celles relatives aux déclarations de soupçon de fraude fiscale ; qu’à ce propos, la BPA soutient que les textes d’application de l’ordonnance n° 2009-104 n’ont été adoptés que le 2 septembre 2009 et que la charge qu’a représenté la mission de vérification pour les équipes conformité de la BPA, ne leur a pas permis de s’occuper simultanément de la mise à jour des procédures ; que celles-ci ont été ultérieurement créées ou actualisées, conformément aux dispositions de l’article 19 de l’ordonnance n° 2009-104 qui lui permettait de disposer d’un délai d’un an expirant le 4 septembre 2010 pour respecter ses nouvelles obligations de vigilance, y compris ses procédures internes ; que la commission constate que certaines procédures n’ont été créées ou mises à jour que plusieurs mois après la date d’achèvement de la vérification sur place ; que le délai d’un an laissé aux organismes assujettis par l’article 19 de l’ordonnance n° 2009-104 susvisée concernait « les nouvelles obligations de vigilance prévues aux articles L. 561-5 à L. 561-14 de ce code » et non la mise à jour des procédures ; que cette partie du grief est donc établie ; 5. Sur le dispositif de contrôle interne en matière de lutte contre le blanchiment des capitaux et le financement du terrorisme (LCB-FT) Considérant que le a) de l’article 6 du règlement n° 97-02 du 21 février 1997 modifié dispose que le contrôle permanent de la conformité, de la sécurité et de la validation des opérations réalisées et du respect des diligences liées à la surveillance des risques doit être assuré, avec un ensemble de moyens adéquats, d’une part par des agents exclusivement dédiés à cette fonction, et d’autre part, par d’autres agents exerçant des activités opérationnelles ; que le point 9 de l’article 11-7 de ce règlement impose aux établissements assujettis d’exercer un contrôle permanent du dispositif de LCB-FT, lequel fait partie du dispositif de contrôle de la conformité ; que, selon l’alinéa 2 du 9 de cet article, il incombe au responsable du contrôle de la conformité de veiller au caractère adapté de ce dispositif et notamment au respect des obligations prévues aux articles L. 561-10-2, L. 561-15 et R. 561-31 du COMOFI ; que, selon l’article 9.1 du règlement n° 97-02 modifié : « Les entreprises assujetties définissent des procédures qui permettent : a) De vérifier l’exécution dans des délais raisonnables des mesures correctrices qui ont été décidées par les personnes compétentes dans le cadre du dispositif de contrôle interne ; b) Au responsable du contrôle périodique d’informer directement et de sa propre initiative le comité d’audit de l’absence d’exécution des mesures correctrices décidées » ; Considérant que le
délais raisonnables des mesures correctrices qui ont été décidées par les personnes compétentes dans le cadre du dispositif de contrôle interne ; b) Au responsable du contrôle périodique d’informer directement et de sa propre initiative le comité d’audit de l’absence d’exécution des mesures correctrices décidées » ; Considérant que le cinquième grief reproche à la BPA une série de carences affectant la mise en œuvre de son contrôle permanent, tant de premier niveau (5.1) que de second niveau (5.2), et de son contrôle périodique (5.3) ; 20 5.1. Sur la mise en œuvre du contrôle permanent de premier niveau par les directeurs d’agence 5.1.1. L’insuffisance de ce contrôle sur le traitement des alertes par les conseillers clientèle Considérant que la BPA soutient d’une part être placée dans l’impossibilité de se défendre eu égard à l’imprécision des reproches et au caractère contradictoire des constats du rapport, ce qui conduit à inverser la charge de la preuve et d’autre part que ce reproche ne peut être fondé sur l’article 6a du règlement CRB 91-07 ou sur l’article 11-7 du règlement CRBF 97-02, qui n’exigent aucune formalisation particulière des contrôles ; que la commission relève que le grief ne porte pas sur l’existence du contrôle du traitement des alertes mais sur sa qualité ; que si l’annexe 2-5 du rapport d’inspection énonce que le directeur des trois agences visitées s’assure effectivement chaque semaine, à travers l’outil DAL, que les conseillers ont procédé au traitement des alertes, elle retient cependant que le directeur ne vérifie pas la qualité de ce traitement ; qu’en permettant à la BPA de contester ce constat (ce qu’elle ne fait pas), le grief, ainsi formulé en des termes non contradictoires, n’inverse pas la charge de la preuve ; que de tels faits, relatifs non pas à une formalisation des contrôles de premier niveau mais à leur qualité, entrent dans le champ des dispositions sus rappelées du a) de l’article 6 du règlement CRBF 97-02, qui résultent de l’arrêté du 29 octobre 2009, antérieur à la signature du rapport ; qu’ils constituent en outre un manquement au point 9 de l’article 11-7 de ce règlement, imposant d’exercer un contrôle du dispositif permanent de LCB-FT ; que ce premier reproche est donc établi ; 5.1.2. L’insuffisant contrôle des chèques excédant 150 kEUR par les directeurs d’agence Considérant que, le représentant du collège s’étant estimé satisfait par les explications données en défense par la BPA sur la qualité des contrôles effectués sur ces chèques, la commission estime en l’espèce que ce deuxième reproche doit être abandonné ; 5.1.3. L’insuffisant contrôle des ouvertures de comptes par les directeurs d’agence Considérant que, selon le reproche, les directeurs d’agence n’exerceraient aucun contrôle sur la manière dont leurs collaborateurs vérifieraient la validité des pièces recueillies lors de l’identification des nouveaux clients ; que, quelle qu’en soit la qualité, l’existence d’un contrôle de second niveau dévolu sur ce point à la cellule de sécurité financière (CSF) ne dispense pas les agences d’organiser également un contrôle hiérarchique de premier niveau sur la qualité de cette vérification ; que s’il est
des nouveaux clients ; que, quelle qu’en soit la qualité, l’existence d’un contrôle de second niveau dévolu sur ce point à la cellule de sécurité financière (CSF) ne dispense pas les agences d’organiser également un contrôle hiérarchique de premier niveau sur la qualité de cette vérification ; que s’il est loisible à la banque, au regard des textes précités, de confier ce contrôle de premier niveau à d’autres personnes que le directeur d’agence, il reste que, en l’absence de précision sur ces personnes et la qualité de leurs interventions, la commission est fondée à retenir le directeur d’agence comme responsable de ce contrôle hiérarchique ; que la simple affirmation que celui-ci contrôle l’existence du recueil de documents d’identification dont il n’a pas à contrôler lui-même la validité, ne suffit pas à écarter ce reproche, qui est donc établi ; 5.1.4 La situation d’autocontrôle dans laquelle seraient placés les directeurs d’agence pour les clients de leur propre portefeuille ; Considérant que, selon le reproche, les directeurs d’agence seraient placés en situation d’autocontrôle en matière d’identification et de vérification de l’identité de leurs propres clients ; que, 21 rejoignant les conclusions du représentant du collège, la commission relève que la procédure interne de la BPA soumet les ouvertures de comptes par le directeur d’agence au contrôle notamment du sous- directeur ou d’un conseiller de l’agence, dans des conditions qui conduisent à écarter ce quatrième reproche ; 5.2. Les contrôles de second niveau exercés par la Cellule de sécurité financière (CSF) et le contrôle hiérarchique des activités de cette cellule Considérant que, selon le grief, d’abord, le contrôle par la CSF du traitement exhaustif des alertes par le réseau serait insuffisant (5.2.1.), ensuite, en matière de gel des avoirs, la CSF n’aurait pas mis en place, au moment de l’inspection, de contrôle permettant de s’assurer du traitement des alertes issues des outils FIRCOSOFT et ALERTSWIFT et de connaître celles restant en cours d’analyse (5.2.1.), enfin, la CSF ne ferait l’objet d’aucun contrôle hiérarchique (5.2.3.) ; 5.2.1 Le contrôle général par la CSF du traitement des alertes LCB-FT par le réseau Considérant que, selon le reproche, les contrôles de second niveau exercés pas la CSF sur le traitement des alertes par les agences seraient insuffisants ; que si la BPA relève à juste titre que le reproche relatif au traitement des alertes par la CSF est rédigé de manière si générale (faute de renvoi à d’autres précisions que celles concernant les alertes propres au gel des avoirs) qu’il ne la met pas à même de présenter utilement sa défense, la commission relève en tout état de cause que les documents remis à l’inspection les 21 octobre 2009 et 25 février 2010 et auxquels la BPA se réfère à l’appui de son deuxième mémoire en défense démontrent l’existence et la qualité du contrôle de second niveau effectué sur le traitement des alertes par les agences (un tableau de bord trimestriel comportant notamment le suivi du taux de traitement des alertes / la fiche de contrôle du service conformité sur le traitement qualitatif des alertes / le contrôle
l’existence et la qualité du contrôle de second niveau effectué sur le traitement des alertes par les agences (un tableau de bord trimestriel comportant notamment le suivi du taux de traitement des alertes / la fiche de contrôle du service conformité sur le traitement qualitatif des alertes / le contrôle sur le traitement des alertes par les agences entreprises et l’analyse des scénarii NORKOM et du traitement des alertes depuis 2009) et sont de nature à justifier que ce reproche soit écarté ; 5.2.2 Le contrôle par la CSF du traitement des alertes en matière de gel des avoirs Considérant que, selon le reproche, la CSF ne contrôlait pas, lors de l’inspection, le traitement des alertes issues des outils FIRCOSOFT et ALERTSWIFT ; que, comme précédemment indiqué, l’article 11-7 ayant été introduit dans le règlement n° 97-02 par l’arrêté du 29 octobre 2009, avant la signature du rapport d’inspection le 10 septembre 2010, la BPA était tenue, faute de dispositions en retardant l’entrée en vigueur, de l’appliquer immédiatement ; que la BPA ne conteste pas l’inexistence de ce contrôle au moment de l’inspection ; que la mise en place d’un tel contrôle après cette mission ne peut constituer qu’une régularisation ; que ce deuxième reproche est donc établi ; 5.2.3 Le contrôle hiérarchique sur la CSF Considérant que, selon le reproche, le contrôle hiérarchique des activités de la CSF, chargée de piloter le dispositif de LCB-FT, n’aurait pas été en place au moment de l’inspection ; que, contrairement à ce que soutient la BPA, l’obligation de soumettre un service de contrôle de second niveau au contrôle permanent de sa propre hiérarchie résulte du simple bon sens et s’impose donc alors même que les textes ne la prévoient pas ; que la mise en place, postérieure à l’inspection, d’un tel contrôle, propre à établir l’effectivité du rattachement de la CSF au responsable du service conformité, 22 placé lui-même sous l’autorité du directeur du département « conformité, risques opérationnels et financiers », doit être regardée comme une mesure de régularisation ; que le troisième reproche est donc établi ; 5.3. Sur la mise en œuvre du contrôle périodique Considérant, selon ce grief relatif à l’absence ou aux insuffisances des procédures permettant de vérifier l’exécution des actions correctives préconisées par les missions de contrôle, que le suivi des actions menées à cette fin dans les agences, qui incombait aux directeurs de secteur, n’était pas formalisé et aucune information régulière de l’audit interne n’étant par ailleurs organisée (5.3.1) ; que le bilan annuel des suites effectué par l’audit interne pour le comité d’audit ne concernait que les missions réalisées au siège de la BPA (5.3.2.) et que le suivi des recommandations émises dans le domaine de la LCB-FT pour les agences auditées en 2009 faisait ressortir l’imprécision des plans d’action (5.3.3.) ; 5.3.1. Le suivi des actions correctives consécutives aux missions de contrôle menées dans les agences et l’information de l’audit interne Considérant que la BPA soutient que, si les modalités et la formalisation du suivi et du reporting à l’audit étaient laissées à l’initiative du
l’imprécision des plans d’action (5.3.3.) ; 5.3.1. Le suivi des actions correctives consécutives aux missions de contrôle menées dans les agences et l’information de l’audit interne Considérant que la BPA soutient que, si les modalités et la formalisation du suivi et du reporting à l’audit étaient laissées à l’initiative du directeur de secteur assurant ces diligences, celui-ci n’en effectuait pas moins un suivi systématique en fait, lequel, depuis 2010, s’insère dans un cadre standard formalisé ; que la diversité des pratiques suivies par chaque directeur de secteur ne peut être assimilée à une absence de formalisation ; que le reporting à l’audit est effectué par le directeur de secteur concerné ; que si, jusqu’en 2010, il était possible de l’effectuer par tout moyen, il doit depuis lors prendre la forme d’un retour à l’audit des plans d’action complétés des actions réalisées ; que la commission estime qu’il ressort du dossier qu’à la date de la mission d’inspection, le suivi des recommandations et son reporting à l’audit n’étaient pas formalisés, l’exécution de ces obligations relevant de l’initiative de chaque directeur de secteur ; que le cadre formalisé adopté postérieurement à la mission de vérification ne peut s’analyser que comme une régularisation ; que ce premier reproche est établi ; 5.3.2. L’insuffisance du champ couvert par le bilan annuel des suites pour le comité d’audit Considérant que, si la BPA soutient que depuis 2010 le champ couvert par le reporting sur le suivi des plans auprès de l’exécutif, du comité de coordination des fonctions de contrôle et du comité d’audit est désormais exhaustif, témoignant de son désir d’améliorer ses procédures, dans un esprit constructif vis-à-vis de la mission d’inspection, ces améliorations, postérieures à la mission de vérification, ne peuvent s’analyser que comme des mesures de régularisation ; que le deuxième reproche est établi ; 5.3.3. L’insuffisante précision des plans d’action Considérant que l’obligation faite aux banques par l’article 9-1 du règlement 97-02 de définir des procédures permettant de vérifier l’exécution des recommandations du contrôle périodique doit couvrir la totalité de ces dernières et suppose, pour être efficace, de s’appuyer sur une définition précise des actions retenues et de leur calendrier ; que le rapport d’inspection, sans être valablement contredit, énonce que : « (…) les plans d’action mis en place par le contrôle périodique sont plus ou 23 moins détaillés et formalisés et que leur date d’échéance n’est pas systématiquement précisée » ; qu’il énonce en outre que « le suivi de la mise en place des actions correctives n’est pas satisfaisant, tant pour les agences « grand public » que les agences « entreprises ». En effet, (ce suivi) incombe aux directeurs de secteur, qui n’ont reçu aucune instruction de l’Audit ou de leur direction commerciale pour le faire… De plus, l’Audit ne réalise aucun suivi de cette obligation et n’est donc pas informé de la mise en œuvre effective des actions correctives nécessaires par le réseau. » ; que les carences ainsi constatées traduisent l’insuffisance des procédures définissant, à la date de l’inspection, les modalités de vérification de l’exécution des mesures correctrices
réalise aucun suivi de cette obligation et n’est donc pas informé de la mise en œuvre effective des actions correctives nécessaires par le réseau. » ; que les carences ainsi constatées traduisent l’insuffisance des procédures définissant, à la date de l’inspection, les modalités de vérification de l’exécution des mesures correctrices recommandées par le contrôle périodique ; que ce troisième reproche est donc établi ; Considérant qu’il résulte de tout ce qui précède que, sous réserve de ce qui a été dit sur l’abandon de certains reproches aux §1.1.1.13, 1.1.1.16, 1.1.1.17, 1.1.2 , 1.2.1, 2.1, 2.3, 2.5, 4.1.2, 4.1.4, 5.1.2, 5.1.4, 5.2.1 , et sur la légère réduction du champ du grief 3, l’ensemble des griefs notifiés à la BPA sont établis et constituent un grave défaut de vigilance ou une carence dans l’organisation de ses procédures internes qui ont affecté de manière réitérée le respect de ses obligations déclaratives, en sorte qu’il y a lieu de prononcer un blâme ; que toutefois en ce qui concerne ces dernières obligations, un seul cas d’absence totale de déclaration a été relevé, tous les autres cas examinés ne concernant que des retards à déclarer ; que par ailleurs certains des manquements relatifs aux procédures de l’établissement et à son dispositif de contrôle interne en matière de LCB-FT tiennent seulement à leur insuffisante formalisation et plusieurs manquements d’organisation ont été régularisés après le passage de l’inspection ; que dans ces conditions il n’y a lieu d’assortir ce blâme que d’une sanction pécuniaire de 200 000 euros ; Considérant qu’au regard de la nature des manquements imputés à la BPA, le préjudice résultant d’une publication de la présente décision sous une forme faisant apparaître le nom de cet établissement ne paraît pas disproportionné et n’est pas susceptible de perturber les marchés financiers ; qu’il y a donc lieu de rejeter la demande de la BPA de ne pas la publier, ou de procéder à son anonymisation ; PAR CES MOTIFS DECIDE : Article 1er : Il est prononcé un blâme à l’encontre de la BANQUE POPULAIRE DES ALPES. Article 2 : Ce blâme sera assorti d’une sanction pécuniaire de deux cent mille (200 000) euros. Article 3 : La présente décision sera publiée au registre de l’Autorité de Contrôle Prudentiel et pourra être consultée au secrétariat de la commission. Le 29 juin 2012 Le Président de la Commission des sanctions, Bruno MARTIN LAPRADE [signé] Cette décision peut faire l'objet d'un recours dans un délai de 2 mois à compter de sa notification, dans les conditions prévues à l’article L. 612-16 IV du code monétaire et financier.",0,1,1,0,0
2012-07,"Société ARCA PATRIMOINE Procédure n° 2012-07 ----- Avertissement et sanction pécuniaire de 150 000 euros ----- Audience du 29 mai 2013 Décision rendue le 18 juin 2013 AUTORITÉ DE CONTRÔLE PRUDENTIEL COMMISSION DES SANCTIONS __________ Vu la lettre du 1er octobre 2012 par laquelle le Président de l’Autorité de contrôle prudentiel (ACP) informe la commission de ce que le Collège de l’ACP, statuant en sous-collège sectoriel de l’assurance, a décidé, lors de sa séance du 14 septembre 2012, d’ouvrir une procédure disciplinaire à l’encontre de la société ARCA PATRIMOINE enregistrée sous le numéro 2012-07 ; Vu la notification de griefs du 1er octobre 2012 ; Vu les mémoires en défense des 17 décembre 2012, 4 mars et 2 avril 2013 ainsi que les pièces qui les accompagnent par lesquels ARCA PATRIMOINE (i) soulève, à titre principal, la nullité de la procédure aux motifs (1) que la coopération des sociétés contrôlées serait une alternative à l’ouverture d’une procédure disciplinaire, (2) que celle-ci aurait dû être précédée d’une mise en demeure, (3) que son droit de ne pas contribuer à sa propre incrimination a été méconnu et (4) que le principe du contradictoire n’aurait pas été respecté, (ii) conteste le bien-fondé des griefs notifiés, (iii) demande que lui soit appliqué le « principe de clémence », (iv) que la décision à intervenir ne soit pas publiée ou ne le soit que sous une forme non nominative, (v) que lui soit versée une indemnité de 30 000 euros pour « frais irrépétibles » ; Vu les mémoires des 31 janvier et 29 mars 2013 par lesquels M. Jean-Marie LEVAUX, représentant le Collège de l’ACP, (i) conclut au rejet des exceptions soulevées au titre de la régularité de la procédure de sanction, (ii) maintient l’intégralité des griefs notifiés et (iii) fait valoir qu’aucun « principe de clémence » n’est applicable à l’ACP ; Vu le rapport du 26 avril 2013 par lequel M. Jean CELLIER, rapporteur, écarte les exceptions relatives à la régularité de la procédure présentées par ARCA PATRIMOINE et, sur le fond, estime que le grief 1 n’est pas constitué, retient les griefs 2, 3 et 5 sur un périmètre plus ou moins réduit, et les griefs 4 et 6 dans leur intégralité ; Vu les courriers du 26 avril 2013 convoquant les parties et les informant de la composition de la commission ; Vu les observations et les nouvelles pièces relatives aux griefs 3 et 5 produites par le représentant du collège le 29 avril 2013 ; Vu le courrier du 30 avril 2013 par lequel les pièces produites par le représentant du collège le 29 avril 2013 ont été communiquées à l’avocat d’ARCA PATRIMOINE, qui en a accusé réception le 5 mai ; Décision de la Commission des sanctions – procédure no 2012-07 Vu les autres pièces du dossier et notamment le rapport de contrôle signé le 2 juillet 2012 par M. Julien GERNIGON, contrôleur d’intermédiaires et chef de la mission de contrôle, à la suite du contrôle effectué sur place du 30 mai au 17 juin 2011 ; Vu la Convention
2012-07 Vu les autres pièces du dossier et notamment le rapport de contrôle signé le 2 juillet 2012 par M. Julien GERNIGON, contrôleur d’intermédiaires et chef de la mission de contrôle, à la suite du contrôle effectué sur place du 30 mai au 17 juin 2011 ; Vu la Convention européenne de sauvegarde des droits de 1’homme et des libertés fondamentales ; Vu le Code monétaire et financier (ci-après Comofi), notamment ses articles L. 612-38, L. 612-41 et R. 612-35 à R. 612-51 ; Vu le Code des assurances, notamment ses articles L. 520-1, L. 132-27-1, R. 520-2 et R. 132-5-1-1 dans leur version applicable aux faits reprochés ; Vu le règlement intérieur de la Commission des sanctions ; La Commission des sanctions de l’ACP, composée de M. Bruno MARTIN LAPRADE, Président, de Mme Claudie ALDIGÉ, de MM. Rémi BOUCHEZ, Francis CRÉDOT et André ICARD ; Après avoir décidé de faire droit à la demande de la société tendant à ce que la séance ne soit pas publique et entendu, lors de sa séance du 29 mai 2013 : − M. Jean CELLIER, rapporteur, assisté de MM. Jean-Manuel CLEMMER et Raphaël THÉBAULT, adjoints au rapporteur ; − M. SALVINI, représentant du directeur général du Trésor, qui a indiqué ne pas avoir d’observations à formuler ; − M. Jean-Marie LEVAUX, représentant le Collège de l’ACP, assisté de M. Didier ISRAËL, adjoint au directeur des affaires juridiques de l’ACP, de Mmes Christelle MOLINA et Sandra DOS SANTOS COELHO, juristes au sein de cette direction, et de Mme Anne-Catherine THOMAS, contrôleur au sein du service de contrôle des intermédiaires ; M. LEVAUX, ainsi qu’il résulte du compte rendu d’audience, a proposé le prononcé d’un avertissement assorti d’une sanction pécuniaire de 300 000 euros, dans une décision publiée de manière nominative ; − M. Jean-Claude FILLAUD, président de la société ARCA PATRIMOINE, et M. Olivier FAROUZ, directeur général de cette société, assistés de Mes Isabelle MONIN LAFIN et Elisa FREDJ du cabinet ASTRÉE AVOCAT, de Me Patrick KLUGMAN, de Mme Ludivine RICHEFEU, stagiaire, de Mme Anne-Julie GIRAUD, directeur juridique et responsable des ressources humaines de la société ARCA PATRIMOINE, et de M. Cyrille MINSO, secrétaire général de la société ; Les représentants de la société ARCA PATRIMOINE ayant eu la parole en dernier ; Après avoir délibéré en la seule présence de M. Bruno MARTIN LAPRADE, Président, de Mme Claudie ALDIGÉ, de MM. Rémi BOUCHEZ, Francis CRÉDOT et André ICARD ; Considérant que la société anonyme ARCA PATRIMOINE, courtier en assurances, est filiale d’une holding dénommée « GROUPE PREMIUM » qui contrôle cinq cabinets de courtage, une société de gestion de portefeuille et quatre autres sociétés (un cabinet de recrutement, une société spécialisée dans les investissements de défiscalisation immobilière, une société gérant un centre d’appel et une société civile immobilière) ; qu’elle emploie 90 salariés, dont 52 attachés aux fonctions commerciales répartis dans dix agences et dispose d’un réseau de 134 mandataires d’intermédiaires d’assurance pour prospecter la clientèle ; qu’elle indique avoir un portefeuille d’environ 80 000 clients pour un volume de 120 000 contrats ;
une société civile immobilière) ; qu’elle emploie 90 salariés, dont 52 attachés aux fonctions commerciales répartis dans dix agences et dispose d’un réseau de 134 mandataires d’intermédiaires d’assurance pour prospecter la clientèle ; qu’elle indique avoir un portefeuille d’environ 80 000 clients pour un volume de 120 000 contrats ; qu’au titre de son dernier exercice de 12 mois, clos le 30 juin 2012, elle a réalisé un chiffre d’affaires (production vendue de services) de 14,7 M€ et un bénéfice de 823 k€ ; qu’au 31 décembre 2012, ses capitaux propres étaient de 6,3 M€ ; qu’à la date du contrôle, elle distribuait un produit d’assurance-vie comportant des unités de compte dont des Euro Medium Term Notes (EMTN) avec une garantie décès (IMAGING +), un produit Autorité de contrôle prudentiel – Commission des sanctions 2 Décision de la Commission des sanctions – procédure no 2012-07 d’épargne couplé à une garantie décès pendant les quatre premières années (PRIMADUO), un produit d’épargne retraite défiscalisé souscrit par le GERP (Groupement d’Epargne Retraite Populaire) « PREGILANCE EUROPEENNE » (ATLANTISSIMO PERP), un produit d’épargne retraite et de prévoyance pour les travailleurs non salariés (ATLANTISSIMO MADELIN), un produit d’assurance décès (ARCA VIE ENTIERE) et un produit d’assurance multisupport avec une garantie décès (PHI) ; qu’elle avait en outre conclu des conventions avec la compagnie luxembourgeoise ATLANTICLUX LEBENSVERSICHERUNG SA (ci-après ATLANTICLUX), avec la succursale française de la compagnie irlandaise INORA LIFE Ltd (groupe SOCIETE GENERALE), avec la société GENERALI VIE et avec la succursale française de la compagnie luxembourgeoise EXCELL LIFE ; qu’à la date du contrôle, elle plaçait 95 % de ses nouveaux contrats auprès de la société ATLANTICLUX et ne commercialisait plus de produits EXCELL LIFE ; que son activité commerciale reposait en grande partie sur la prospection téléphonique ; qu’au vu du rapport de contrôle signé par M. GERNIGON le 2 juillet 2012, le collège a décidé le 14 septembre 2012 d’ouvrir une procédure disciplinaire à l’encontre d’ARCA PATRIMOINE à laquelle des griefs ont été notifiés le 1er octobre 2012 ; que la commission reprend à son compte la numérotation des griefs retenue par le rapporteur selon la répartition suivante : 1. Le respect de l’obligation d’information 1.1. Sur la présentation de la société et de ses partenaires commerciaux (grief 1) 1.2. Sur la présentation des produits d’assurance-vie proposés (grief 2) 2. Le respect du devoir de conseil 2.1. Sur la connaissance de la situation financière du client (grief 3) 2.2. Sur les connaissances et l’expérience en matière financière du client (grief 4) 2.3. Sur les raisons qui motivent le conseil fourni (grief 5) 3. Le respect de l’obligation d’information et de conseil : le cas d’EXCELL LIFE INTERNATIONAL S.A. (ci-après « ELI ») (grief 6) Sur les exceptions relatives à la procédure Considérant qu’ARCA PATRIMOINE excipe de trois irrégularités, tenant à ce que, d’abord la mission de contrôle sur place aurait méconnu son droit de ne pas être contrainte de contribuer à sa propre incrimination, ensuite le collège n’aurait pas respecté l’obligation de ne retenir que des griefs ayant fait l’objet d’un contradictoire au cours
excipe de trois irrégularités, tenant à ce que, d’abord la mission de contrôle sur place aurait méconnu son droit de ne pas être contrainte de contribuer à sa propre incrimination, ensuite le collège n’aurait pas respecté l’obligation de ne retenir que des griefs ayant fait l’objet d’un contradictoire au cours du contrôle sur place, enfin, le collège n’aurait pas respecté sa propre doctrine sur le caractère subsidiaire des procédures disciplinaires ; 1. Sur le droit de ne pas contribuer à sa propre incrimination Considérant que selon la jurisprudence du Conseil d’État (30 mars 2007, n° 277991, Sté Prédica, aux tables du Lebon), le moyen tiré de la méconnaissance du principe selon lequel « nul n’est tenu de s’incriminer lui-même », résultant de l’article 6 § 1 de la Convention européenne de sauvegarde des droits de l’homme et des libertés fondamentales et de l’article 14 du pacte international de New York relatif aux droits civils et politiques est inopérant à l’encontre des opérations d’un contrôle mené à titre préventif sous l’autorité du secrétaire général de l’ACP, alors même que le collège, au vu du rapport de contrôle, a ensuite décidé d’ouvrir une procédure disciplinaire ; que d’ailleurs la Cour européenne des droits de l’homme, dans ses arrêts du 17 décembre 1996 (Saunders c/ Royaume-Uni) et du 21 septembre 1994 (Fayed c/ Royaume- Uni) a estimé que le fait d’assujettir aux garanties d’une procédure judiciaire une enquête administrative préparatoire, visant seulement à établir et consigner des faits susceptibles de servir de base à une action répressive ultérieure devant d’autres autorités compétentes, gênerait indûment la réglementation efficace, dans l’intérêt public, d’activités financières et commerciales complexes ; qu’au stade de ce contrôle, le superviseur n’est donc tenu qu’au respect d’un devoir de loyauté dans la recherche des preuves afin qu’en cas d’ouverture ultérieure d’une procédure disciplinaire, les droits de la défense n’aient pas été irrémédiablement compromis ; qu’en l’espèce l’inspection ne s’est livrée à aucune manœuvre déloyale pour Autorité de contrôle prudentiel – Commission des sanctions 3 Décision de la Commission des sanctions – procédure no 2012-07 réunir les éléments de preuve qu’elle a retenus ; qu’elle n’a pas non plus étendu ses demandes d’informations (auxquelles, s’il n’y avait déféré, l’établissement se serait exposé aux sanctions pénales attachées par l’article L. 571-4 du Comofi à toute entrave à l’exercice du contrôle) à des questions qualifiant explicitement la commission d’un manquement ; qu’enfin, si la société invoque les « aveux » qu’elle aurait exprimés dans les observations qu’elle a volontairement présentées en réponse à la communication du projet de rapport de contrôle, ces éléments ne sauraient en tout cas être regardés comme ayant été recueillis sous la contrainte ; 2. Sur l’allégation que certains des griefs retenus par le collège n’auraient pas été discutés lors du contrôle sur place Considérant que la société ne précise son moyen qu’en évoquant le grief 6, qui lui reproche de ne pas avoir informé ses clients des difficultés rencontrées par la société Excell Life International (ELI) dès le 23 mars 2010, alors que le constat n° 2 du rapport de contrôle,
sur place Considérant que la société ne précise son moyen qu’en évoquant le grief 6, qui lui reproche de ne pas avoir informé ses clients des difficultés rencontrées par la société Excell Life International (ELI) dès le 23 mars 2010, alors que le constat n° 2 du rapport de contrôle, relevant qu’elle avait continué à commercialiser des contrats ELI en ayant connaissance des graves difficultés de ce dernier, avait seulement cité la souscription de 521 contrats « sur la période allant du 1er avril au 31 décembre 2010 » ; que toutefois le projet de rapport de contrôle détaillait les mesures de restriction auxquelles le commissariat aux assurances du Luxembourg avait soumis la société ELI depuis le mois de mars 2010 et précisait que, le 23 mars 2010, ELI avait informé de ses difficultés ARCA PATRIMOINE, laquelle n’en avait pas informé ses propres clients, estimant que cette responsabilité ne lui incombait pas ; qu’ainsi, dès la phase de contrôle, ARCA PATRIMOINE a pu présenter des observations sur le reproche selon lequel elle avait continué à commercialiser des contrats ELI après le 23 mars 2010 ; qu’ainsi son moyen manque en fait ; que, si les constats effectués lors d’un contrôle sur place donnent lieu à l’établissement d’un rapport dont le projet est, en application de l’article L. 612-27 du Comofi, « (…) porté à la connaissance des dirigeants de la personne contrôlée, qui peuvent faire part de leurs observations, dont il est fait état dans le rapport définitif (…) », la décision d’ouvrir une procédure disciplinaire et la qualification des faits relèvent, en application de l’article L. 612-38 de ce code, de la seule compétence du Collège de l’ACP ; qu’il ne saurait donc être utilement reproché à la poursuite d’avoir modifié le grief dont la société mise en cause avait eu connaissance lors du contrôle sur place dès lors qu’aucun grief ne pouvait être formulé à ce stade où sont seulement établis des constats au sujet desquels le chef de mission présente, le cas échéant, ses observations ; qu’ainsi son moyen manque également en droit ; 3. Sur la prétendue subsidiarité des procédures disciplinaires Considérant qu’aucune disposition du Comofi ne subordonne l’ouverture d’une procédure disciplinaire à l’échec préalable d’une recommandation faite par l’ACP à l’issue d’un précédent contrôle ou d’une mesure de police ni à l’absence de coopération de l’établissement au cours du contrôle ; qu’il est donc loisible au collège d’ouvrir une telle procédure à l’encontre d’un établissement qui n’a fait l’objet d’aucune mesure de police ni d’aucun autre contrôle que celui dont il examine les conclusions, et auquel n’est reproché aucun manque de coopération lors du contrôle ou qui aurait spontanément mis fin aux manquements reprochés ; que le moyen tiré de ce que le secrétariat général de l’ACP, le collège ou le Président de la Commission des sanctions aurait exprimé une doctrine contraire fondée sur un prétendu « principe de clémence » manque en fait, au moins en ce qui concerne les manquements aux dispositions législatives et réglementaires ; qu’en effet le document « politique de transparence de
le collège ou le Président de la Commission des sanctions aurait exprimé une doctrine contraire fondée sur un prétendu « principe de clémence » manque en fait, au moins en ce qui concerne les manquements aux dispositions législatives et réglementaires ; qu’en effet le document « politique de transparence de l’ACP » daté de juillet 2011, s’il indique que « la méconnaissance des bonnes pratiques constatées ou recommandées par l’ACP ne donne pas directement lieu à sanction disciplinaire » ne saurait concerner la poursuite de manquements aux dispositions du Code des assurances ; Autorité de contrôle prudentiel – Commission des sanctions 4 Décision de la Commission des sanctions – procédure no 2012-07 Au fond 1. Sur le respect de l’obligation d’information Considérant qu’aux termes de l’article L. 520-1 du Code des assurances, « I.- Avant la conclusion d’un premier contrat d’assurance, l’intermédiaire mentionné à l’article L. 511-1 doit fournir au souscripteur éventuel des informations relatives notamment à son identité, à son immatriculation et aux procédures de recours et de réclamation, ainsi que, le cas échéant, à l’existence de liens financiers avec une ou plusieurs entreprises d’assurance. / II.-Avant la conclusion de tout contrat, l’intermédiaire doit : / 1° Donner des indications quant à la fourniture de ce contrat : / a) S’il est soumis à une obligation contractuelle de travailler exclusivement avec une ou plusieurs entreprises d’assurance, l’intermédiaire l’indique au souscripteur éventuel et l’informe que peut lui être communiqué, à sa demande, le nom de ces entreprises d’assurance (…) ; / 2° Préciser les exigences et les besoins du souscripteur éventuel ainsi que les raisons qui motivent le conseil fourni quant à un produit d’assurance déterminé. Ces précisions, qui reposent en particulier sur les éléments d’information communiqués par le souscripteur éventuel, sont adaptées à la complexité du contrat d’assurance proposé. / III. Avant la conclusion d’un contrat d’assurance individuel comportant des valeurs de rachat, d’un contrat de capitalisation, ou avant l’adhésion à un contrat mentionné à l’article L. 132-5-3 ou à l’article L. 441-1, l’intermédiaire est soumis au respect des dispositions de l’article L. 132-27-1, qui se substituent au 2° du II du présent article. / … ; qu’aux termes de l’article L. 132-27-1 : « I. Avant la conclusion d’un contrat d’assurance individuel comportant des valeurs de rachat, d’un contrat de capitalisation, ou avant l’adhésion à un contrat mentionné à l’article L. 132-5-3 ou à l’article L. 441-1, l’entreprise d’assurance ou de capitalisation précise les exigences et les besoins exprimés par le souscripteur ou l’adhérent ainsi que les raisons qui motivent le conseil fourni quant à un contrat déterminé. Ces précisions, qui reposent en particulier sur les éléments d’information communiqués par le souscripteur ou l’adhérent concernant sa situation financière et ses objectifs de souscription, sont adaptées à la complexité du contrat d’assurance ou de capitalisation proposé. / Pour l’application du premier alinéa, l’entreprise d’assurance ou de capitalisation s’enquiert auprès du souscripteur ou de l’adhérent de ses connaissances et de son expérience en matière financière. / Lorsque le souscripteur ou l’adhérent ne donne pas les informations mentionnées aux premier et deuxième alinéas,
d’assurance ou de capitalisation proposé. / Pour l’application du premier alinéa, l’entreprise d’assurance ou de capitalisation s’enquiert auprès du souscripteur ou de l’adhérent de ses connaissances et de son expérience en matière financière. / Lorsque le souscripteur ou l’adhérent ne donne pas les informations mentionnées aux premier et deuxième alinéas, l’entreprise d’assurance ou de capitalisation le met en garde préalablement à la conclusion du contrat. / Un décret en Conseil d’État fixe les modalités d’application du premier alinéa… » ; que selon l’article R. 520-2 du même code : « toute information fournie par un intermédiaire en application de l’article L. 520-1 est communiquée avec clarté et exactitude. La communication se fait sur support papier ou tout autre support durable à la disposition du souscripteur et auquel celui-ci a facilement accès. / Toutefois, lorsque le souscripteur le demande ou lorsqu’une couverture immédiate est nécessaire, les informations peuvent être fournies oralement. Dans ce cas, les informations sont fournies sur support papier ou tout autre support durable à la disposition du souscripteur et auquel celui-ci a facilement accès, immédiatement après la conclusion du contrat d’assurance. / En cas de commercialisation d’un contrat à distance, les informations précontractuelles fournies au souscripteur sont conformes aux dispositions de l’article L. 112-2-1 du Code des assurances. En outre, lorsque le contrat a été conclu à la demande du souscripteur en utilisant une technique à distance ne permettant pas la transmission des informations sur support papier ou sur un autre support durable, les informations sont fournies au souscripteur sur support papier ou tout autre support durable à la disposition du souscripteur et auquel celui-ci a facilement accès, immédiatement après la conclusion du contrat d’assurance » ; qu’enfin, selon l’article R. 132-5-1-1 : « I.-Les précisions ainsi que, le cas échéant, la mise en garde prévues à l’article L. 132-27-1 sont communiquées au souscripteur par écrit, avec clarté et exactitude, sur support papier ou tout autre support durable à sa disposition et auquel il a facilement accès. / II.-Lorsque le souscripteur le demande ou lorsqu’une couverture immédiate est nécessaire, les informations peuvent être fournies oralement. Dans ce cas, sitôt le contrat conclu, les informations sont communiquées au souscripteur sur support papier ou tout autre support durable à sa disposition et auquel il a facilement accès. / En cas de commercialisation d’un contrat à distance, les informations précontractuelles fournies au souscripteur sont conformes aux dispositions de l’article L. 112- 2-1. En outre, lorsque le contrat a été conclu à la demande du souscripteur en utilisant une technique de commercialisation à distance ne permettant pas la transmission des informations sur support papier ou sur Autorité de contrôle prudentiel – Commission des sanctions 5 Décision de la Commission des sanctions – procédure no 2012-07 Autorité de contrôle prudentiel – Commission des sanctions 6 un autre support durable, ces informations sont, sitôt le contrat conclu, communiquées au souscripteur sur support papier ou tout autre support durable à sa disposition et auquel il a facilement accès » ; Considérant que, selon ces dispositions, les informations précontractuelles que l’article L. 520-1 impose à l’intermédiaire de communiquer
un autre support durable, ces informations sont, sitôt le contrat conclu, communiquées au souscripteur sur support papier ou tout autre support durable à sa disposition et auquel il a facilement accès » ; Considérant que, selon ces dispositions, les informations précontractuelles que l’article L. 520-1 impose à l’intermédiaire de communiquer doivent être communiquées de manière « claire et exacte » ; que si les articles R. 520-2 et R. 132-5-1-1 prévoient que toute cette information doit être communiquée sur support durable, le respect de cette dernière obligation ne saurait compenser un manquement à la clarté et à l’exactitude des informations communiquées oralement ; 1.1. Sur la présentation de la société et de ses partenaires commerciaux Considérant que, sur le fondement des textes précités, le grief 1 reproche à ARCA PATRIMOINE l’inexactitude des informations qu’elle a communiquées oralement pour présenter sa société et ses partenaires commerciaux ; que pour apporter la preuve de ce manquement, la poursuite se réfère aux termes de fiches d’argumentaire commercial remises aux agents de la société lors de leur formation et présentant de manière didactique et très détaillée l’ensemble des arguments devant être exposés aux clients éventuels, par téléphone ou durant les rendez-vous ; qu’elle relève que la société y est décrite comme proposant « une gamme de comptes de placements et d’épargne à titre personnel » [alors qu’elle ne propose aucun de ces comptes], et comme ne travaillant qu’avec « des banques françaises cautionnées par l’État » [alors qu’elle ne travaille directement qu’avec des compagnies d’assurance et que l’État ne cautionne aucune banque] ; Considérant que, sans nier les erreurs ainsi relevées, la société soutient que la preuve des manquements reprochés n’est pas pour autant suffisamment apportée, dès lors qu’il ne peut être exclu que ses commerciaux les aient spontanément corrigées lors des entretiens effectivement tenus avec les clients ; Considérant qu’il appartient toujours à l’autorité poursuivante d’établir devant la commission les manquements qu’elle entend faire réprimer ; que cependant elle doit être regardée comme s’étant acquittée de cette charge lorsqu’elle fournit des commencements de preuve rendant le manquement suffisamment vraisemblable, si, en réponse, l’établissement poursuivi se borne à des dénégations, sans produire les éléments de preuve contraire qu’il possède ou est tenu de posséder ; qu’en revanche, ces dénégations peuvent suffire à écarter un grief ne reposant que sur de simples commencements de preuve si l’établissement ne possède pas et n’était pas tenu de posséder les éléments de preuve contraire ; Considérant que si les dispositions précitées des articles L. 520-1 et R. 520-2 imposent au courtier de fournir, et de mettre sur « support papier ou tout autre support durable » à la disposition du souscripteur certaines indications telles que son identité, son numéro d’immatriculation à l’ORIAS, les procédures de recours et de réclamation, ses liens éventuels avec un assureur, aucune obligation semblable ne pesait sur ARCA PATRIMOINE au sujet des indications erronées ci-dessus rappelées contenues dans les fiches d’argumentaire commercial ; que par suite ARCA PATRIMOINE n’avait pas davantage l’obligation d’établir et conserver sur un support durable le contenu exact des informations que ses
liens éventuels avec un assureur, aucune obligation semblable ne pesait sur ARCA PATRIMOINE au sujet des indications erronées ci-dessus rappelées contenues dans les fiches d’argumentaire commercial ; que par suite ARCA PATRIMOINE n’avait pas davantage l’obligation d’établir et conserver sur un support durable le contenu exact des informations que ses commerciaux ont ou auraient effectivement données sur ces sujets lors des entretiens de prospection ; que dès lors, pour hautement vraisemblable que soit la commission effective desdites erreurs, celles-ci ne peuvent être regardées comme établies par la poursuite, laquelle au demeurant a précisé (ainsi qu’il a été dit) que le grief porte seulement sur la communication orale de renseignements erronés et non sur le fait de n’avoir pas remis au client démarché la documentation précontractuelle sur support durable imposée par la deuxième phrase du premier alinéa de l’article R. 520-2 précité ; que le grief 1 doit donc être écarté ; 1.2. Sur la présentation des produits d’assurance-vie proposés Considérant que, sur le fondement des mêmes textes, et à partir de lacunes non contestées contenues dans les mêmes fiches techniques, le grief 2 reproche à la société d’avoir présenté à ses futurs clients le produit PRIMADUO (garantissant un capital en cas de vie ou de décès) comme bénéficiant d’un mécanisme de sécurisation de l’épargne, sans préciser que celui-ci ne s’applique qu’à certaines conditions, et de n’avoir pas Décision de la Commission des sanctions – procédure no 2012-07 Autorité de contrôle prudentiel – Commission des sanctions 7 présenté clairement les particularités du contrat, afin de rechercher si ce produit correspondait aux exigences et besoins du souscripteur, dont l’article L. 132-27-1 (auquel renvoie le III de l’article L. 520-1) imposait pourtant qu’ils fussent précisés ; que, faute pour ARCA PATRIMOINE de produire le double des supports d’information précontractuelle qu’elle avait l’obligation de mettre à la disposition des souscripteurs, ce qui eût facilement permis d’écarter le grief, l’autorité de poursuite doit être regardée comme apportant la preuve de ce manquement ; que le même grief reproche également à la société d’avoir insuffisamment attiré l’attention du souscripteur sur les risques du produit PREMIUM MULTIGESTION 2 inclus dans le contrat IMAGING + (dont il est constant qu’il entre dans les prévisions de l’article L. 132-27-1 du code), en l’absence de toute mention dans lesdites fiches techniques des conditions de valorisation de l’unité de compte ou des conditions de perte en capital liées à l’exposition aux différents risques possibles ; que si la société a présenté en annexe à sa défense le texte des conditions générales de ce contrat, qui présente en son § 2.5 les conditions de valorisation de l’unité de compte, et auquel elle dit que ses agents se référaient lors des entretiens précontractuels, cette référence ne saurait remplacer la note d’information sur les dispositions essentielles du contrat, dont l’article L. 132-5-2 du Code des assurances exige la remise contre récépissé avant la conclusion d’un contrat d’assurance sur la vie ; qu’en outre le texte des conditions générales de ce contrat ne décrivait pas les conditions de perte en capital liées à l’exposition aux différents risques
du contrat, dont l’article L. 132-5-2 du Code des assurances exige la remise contre récépissé avant la conclusion d’un contrat d’assurance sur la vie ; qu’en outre le texte des conditions générales de ce contrat ne décrivait pas les conditions de perte en capital liées à l’exposition aux différents risques (§ 2.8) ; qu’ainsi le manquement est donc établi dans sa totalité ; 2. Sur le respect du devoir de conseil Considérant que l’article L. 520-1 du Code des assurances soumet les intermédiaires aux dispositions de l’article L. 132-27-1 de ce code, lequel impose aux entreprises d’assurance ou de capitalisation, avant la conclusion d’un contrat d’assurance individuel comportant des valeurs de rachat, d’un contrat de capitalisation, ou avant l’adhésion à un contrat mentionné à l’article L. 132-5-3 ou à l’article L. 441-1, de préciser les exigences et les besoins exprimés par le souscripteur ou l’adhérent, ainsi que les raisons qui motivent le conseil fourni quant à un contrat déterminé, ces précisions, qui reposent en particulier sur les éléments d’information communiqués par le souscripteur ou l’adhérent concernant sa situation financière et ses objectifs de souscription, étant adaptées à la complexité du contrat d’assurance ou de capitalisation proposé ; qu’ils doivent en outre s’enquérir auprès du souscripteur ou de l’adhérent de ses connaissances et de son expérience en matière financière ; que lorsque le souscripteur ou l’adhérent ne donne pas ces informations, l’entreprise d’assurance ou de capitalisation le met en garde préalablement à la conclusion du contrat, l’article R. 132-5-1-1 imposant que les précisions ainsi que la mise en garde prévue à l’article L. 132-27-1 soient communiquées au souscripteur par écrit, avec clarté et exactitude, sur support papier ou tout autre support durable à sa disposition et auquel il a facilement accès ; 2.1. Sur la connaissance de la situation financière du client Considérant que, selon le grief 3, alors que les dossiers sondés incluaient notamment une « fiche patrimoniale », celle-ci n’était pas systématiquement renseignée et comportait de nombreuses imprécisions sur la composition du patrimoine du souscripteur, le montant de ses revenus, de ses charges et de ses dettes ; qu’en outre, la méthodologie utilisée par les commerciaux pour déterminer la capacité d’épargne des souscripteurs éventuels, omettant certaines charges importantes (dépenses alimentaires, eau, électricité), conduisait à surestimer leur capacité d’épargne ; Considérant que le rapport de contrôle se contente de mentionner des carences, imprécisions ou anomalies affectant une partie des 91 dossiers clients examinés sans pour autant indiquer quels sont les dossiers concernés ; qu’en raison de la taille de l’échantillon analysé lors de ce contrôle, seule la communication de la liste des dossiers concernés et des anomalies qui y ont été constatées aurait mis la société ARCA PATRIMOINE en état de présenter sa défense, le cas échéant en fournissant les renseignements que la poursuite lui reproche d’avoir omis : que cependant, réagissant au rapport du rapporteur, le représentant du collège a produit le 29 avril 2013 copie des dossiers dans lesquels les informations recueillies dans le cadre de l’établissement des fiches patrimoniales sont soit incomplètes, soit imprécises, permettant ainsi à la Décision
la poursuite lui reproche d’avoir omis : que cependant, réagissant au rapport du rapporteur, le représentant du collège a produit le 29 avril 2013 copie des dossiers dans lesquels les informations recueillies dans le cadre de l’établissement des fiches patrimoniales sont soit incomplètes, soit imprécises, permettant ainsi à la Décision de la Commission des sanctions – procédure no 2012-07 Autorité de contrôle prudentiel – Commission des sanctions 8 société de connaître précisément les reproches de la poursuite ; qu’ARCA PATRIMOINE alors même qu’elle a reçu communication de ces pièces (au format papier et sur une clé USB cryptée) le 5 mai, soit plus de trois semaines avant l’audience tenue le 29 mai 2013, s’est abstenue d’y répondre ; qu’en outre, l’argumentaire utilisé par les commerciaux d’ARCA PATRIMOINE omettait, lors du calcul de la capacité d’épargne des prospects, une partie de leurs dépenses obligatoires (dépenses alimentaires, eau, électricité) ; que même en l’absence d’une définition par un texte de cette capacité, l’omission de telles dépenses avait nécessairement pour conséquence une surestimation de cette capacité ne permettant pas que soit fourni un conseil adapté à la situation des futurs clients ; que cette insuffisance relative au calcul de la capacité d’épargne concernant la méthode utilisée par la société ARCA PATRIMOINE, il n’est pas nécessaire, pour que le manquement soit établi, de communiquer la liste des dossiers concernés, celle-ci, faute pour le mis en cause d’apporter des pièces contredisant le constat, se confondant avec la liste de ses clients ; que ni la circonstance que la capacité d’épargne ainsi surévaluée laissait en pratique un sensible écart avec le montant de l’engagement de placement impliqué par le contrat, en sorte que le client restait de toute manière en mesure de satisfaire à ses dépenses courantes, ni celle que les contrats permettaient ensuite au client de modifier ou interrompre ses placements en fonction de l’évolution de sa capacité d’épargne, ne sauraient dispenser la société de son obligation d’éclairer complètement et précisément le souscripteur au vu des éléments d’information recueillis sur sa situation financière et ses objectifs de souscription ; que le grief 3 est donc établi en ses deux parties ; 2.2. Sur les connaissances et l’expérience en matière financière du client Considérant que, selon le grief 4, alors qu’elle y était tenue depuis le 1er juillet 2010, la société ARCA PATRIMOINE n’a pas mis en place les moyens de s’assurer de la connaissance et de l’expérience de ses clients en matière financière ; qu’ainsi, ni les documents signés par le client (fiche patrimoniale, fiche informations et conseils), ni les procédures internes (argumentaire commercial, guide de procédure service client) ne prennent en compte cette exigence ; Considérant, ainsi que cela a été précédemment indiqué (cf. supra § 1 de la partie traitant des exceptions relatives à la procédure), que le moyen tiré du droit de ne pas contribuer à sa propre incrimination est inopérant à l’encontre du recueil par un superviseur, lors d’un contrôle sur place préventif, d’informations relatives à un établissement assujetti ; que le grief est fondé sur l’examen des pièces communiquées par ARCA PATRIMOINE
procédure), que le moyen tiré du droit de ne pas contribuer à sa propre incrimination est inopérant à l’encontre du recueil par un superviseur, lors d’un contrôle sur place préventif, d’informations relatives à un établissement assujetti ; que le grief est fondé sur l’examen des pièces communiquées par ARCA PATRIMOINE à ses clients ou des procédures internes qui établissent la réalité du manquement, indépendamment de la reconnaissance des faits par la société lors du contrôle ; que, par analogie avec le raisonnement tenu lors de l’examen de la deuxième partie du grief 3, dès lors que c’est le cadre dans lequel les éléments relatifs aux connaissances et à l’expérience financière du client devaient être recueillis qui est en cause, il n’importe pas que les dossiers dans lesquels, au sein de l’échantillon de 91 dossiers, cette carence a été constatée, soient explicitement mentionnés ; qu’il aurait été aisé à la société de démontrer qu’elle recueillait de telles informations en produisant des pièces extraites de dossiers clients démontrant qu’elle satisfaisait à cette nouvelle exigence ; que les éléments statistiques fournis par ARCA PATRIMOINE sur la classification de ses clients, outre qu’ils portent sur le mois de décembre 2012, ne permettent pas d’établir qu’étaient recueillies les informations exigées depuis le 1er juillet 2010, alors qu’elles auraient dû l’être quel que soit le poids des versements des clients par rapport à leur patrimoine ; qu’en effet, l’absence de recueil de renseignements sur les connaissances et l’expérience des clients ne saurait être regardée comme proportionnée aux enjeux, l’intermédiaire ne pouvant, dans ce cas, être certain du caractère approprié de son offre de produits d’épargne ; que les procédures internes n’imposaient pas aux salariés d’ARCA PATRIMOINE de réunir des informations sur ce point ; que la mention dont le souscripteur du contrat IMAGING + devait faire précéder sa signature concerne les risques associés à ce contrat et non son expérience et ses connaissances en matière financière ; que l’argumentaire commercial mis à jour en juin 2011 ne prévoyait aucun développement sur ce point ; que ni l’allégation de la société sur le faible nombre des réclamations dont elle serait saisie, ni son important travail de « refonte de ses documents contractuels » effectué après la mission, susceptible, le cas échéant, d’être analysé comme une régularisation, n’ont de conséquence sur le grief, qui est établi ; Décision de la Commission des sanctions – procédure no 2012-07 Autorité de contrôle prudentiel – Commission des sanctions 9 2.3. Sur les raisons qui motivent le conseil fourni Considérant que, selon le grief 5, les commerciaux, qui ne disposent d’aucun document présentant de façon précise les particularités de chaque contrat, ne sont pas en mesure de fournir un conseil adapté au profil du client et de préciser les raisons qui motivent le conseil ; que les fiches « informations et conseils », complétées par les commerciaux, reprennent l’exposé de quelques caractéristiques des produits ; que cet exposé est rédigé en termes généraux alors que les produits vendus par la société sont complexes et nécessiteraient des explications approfondies en raison des risques de pertes
; que les fiches « informations et conseils », complétées par les commerciaux, reprennent l’exposé de quelques caractéristiques des produits ; que cet exposé est rédigé en termes généraux alors que les produits vendus par la société sont complexes et nécessiteraient des explications approfondies en raison des risques de pertes financières liées à chacun des produits et des enjeux liés à la durée de l’investissement ; que, par exemple, le contrat PRIMADUO est présenté au client comme « un produit permettant d’épargner dans le cadre avantageux de la fiscalité de l’assurance-vie » alors qu’en réalité, les enjeux liés à ce produit sont sensiblement différents puisque, pour un contrat sur 20 ans, un souscripteur souhaitant procéder à son rachat après 4 ans ne recevra que 25 % des cotisations versées ; que ce fonctionnement, certes licite, doit, au minimum, être expliqué lors de la souscription, ce qui n’a pas été le cas ; que, concernant les contrats PERP et « Madelin », l’intérêt de la souscription pour le client dépend de caractéristiques propres à ce dernier (position dans la carrière, droits à retraites, niveau d’imposition sur le revenu) ; que, sur 23 dossiers, pour 9 clients, le montant de l’impôt sur le revenu a été, soit non renseigné, soit tel qu’il ne permettait de bénéficier d’aucun avantage fiscal (personnes ne payant pas d’impôt ou ayant un impôt inférieur à 300 € par an) ; que, pour les produits ayant des EMTN comme sous-jacent de référence, le formulaire valant précision sur les raisons qui motivent le conseil est renseigné par les commerciaux avec les mêmes phrases que pour les autres contrats proposés par la société ; que, de manière générale, la mission a constaté un nombre important de multi-souscriptions pour lesquelles il n’a pas été trouvé d’explications tangibles ; Considérant que le grief porte sur le fait que la présentation des produits proposés ne permettait pas au client de disposer d’une information suffisante pour déterminer si ceux-ci sont adaptés à ses besoins, ce qui, contrairement à ce que soutient ARCA PATRIMOINE, est un manquement aux articles L. 132-27-1 et R. 132-5-1-1 du Code des assurances et non à une recommandation de l’ACP ; qu’une telle présentation doit être adaptée aux produits proposés ; qu’en réponse au projet de rapport, ARCA PATRIMOINE avait indiqué que « … les fiches d’informations et de conseils ont été reprises et refaites par produit pour mettre en évidence les caractéristiques précises de chaque produit, ce qui est […] de nature à déterminer le consentement du client et engager le commercial […] à faire le lien entre la demande du client et le produit vers lequel il l’oriente » ; que la documentation existante au moment du contrôle ne permettait pas de respecter une telle obligation ; que, s’agissant des contrats PERP et « Madelin » pour lesquels la poursuite avait relevé que la rubrique dédiée à l’impôt sur le revenu de la fiche patrimoniale n’était pas servie ou faisait ressortir un impôt inférieur à 300 €, le nombre limité de dossiers individuels au sujet desquels le reproche était formulé
contrats PERP et « Madelin » pour lesquels la poursuite avait relevé que la rubrique dédiée à l’impôt sur le revenu de la fiche patrimoniale n’était pas servie ou faisait ressortir un impôt inférieur à 300 €, le nombre limité de dossiers individuels au sujet desquels le reproche était formulé permettait à la société d’identifier les dossiers concernés et donc de se défendre des reproches ainsi formulés ; qu’au demeurant, corrigeant une erreur matérielle, le représentant du collège a communiqué la liste des dossiers (en fait 8 contrats, et non pas 9, pour 7 clients) ainsi que leur copie ; que si, dans 4 dossiers, le montant de l’impôt renseigné (non imposable ou impôt inférieur à 300 €) ne permettait pas de justifier le conseil fourni par le bénéfice cette année-là de l’avantage fiscal dont pouvait être assortie la constitution de la retraite par capitalisation, cette seule circonstance ne suffit pas à établir un manquement au devoir de conseil, dès lors que le fait même d’avoir noté le renseignement autorise à penser qu’a été évoqué l’avantage fiscal susceptible d’être attaché, selon leur montant et la situation fiscale d’alors, aux versements effectués tout au long de la période de constitution de la retraite ; qu’en revanche, l’absence de tout renseignement de la rubrique impôt sur le revenu dans 4 autres dossiers montre, en l’absence d’indication sur le désintérêt du client pour cet avantage fiscal, que l’intermédiaire n’a pas correctement exercé son devoir de conseil sur ce point ; que, s’agissant des EMTN, l’examen des 3 dossiers fournis relatifs au produit PREMIUM MULTIGESTION 2 a confirmé l’absence de précisions sur leurs caractéristiques ; que les pièces produites ont également confirmé le caractère général des informations mises à la disposition des clients au sujet de PRIMADUO ; qu’ARCA PATRIMOINE n’a fourni aucune pièce établissant que ses clients avaient bénéficié d’informations précises sur les caractéristiques des produits et les risques qui en résultaient ; qu’en revanche, la poursuite n’établit pas en quoi le nombre élevé de multi-souscriptions serait lié à une insuffisance des conseils fournis ; que, dans le périmètre légèrement réduit par la remarque faite sur les 4 dossiers PERP et « Madelin », où la rubrique impôt sur le revenu avait été servie, et par l’abandon de sa dernière partie relative aux multi-souscriptions, le grief 5 est établi ; Décision de la Commission des sanctions – procédure no 2012-07 3. Sur le respect de l’obligation d’information et de conseil : le cas d’EXCELL LIFE INTERNATIONAL S.A. (ELI) Considérant que, selon le grief 6, ARCA PATRIMOINE, informée dès le 23 mars 2010 qu’ELI faisait l’objet, par le commissariat aux assurances du Luxembourg (CAL), d’une suspension temporaire de paiement des retraits partiels ou totaux de tous les clients, a continué, après cette date, à placer les contrats d’ELI ; qu’à supposer même qu’elle ait cessé ce placement à partir du 5 août 2010, date à laquelle ces contrats ont été interdits à la vente, son devoir de conseil lui imposait néanmoins, avant cette date, d’informer ses clients sur les dites difficultés, ce qu’elle n’a pas fait
contrats d’ELI ; qu’à supposer même qu’elle ait cessé ce placement à partir du 5 août 2010, date à laquelle ces contrats ont été interdits à la vente, son devoir de conseil lui imposait néanmoins, avant cette date, d’informer ses clients sur les dites difficultés, ce qu’elle n’a pas fait ; Considérant que la société ELI a, le 23 mars 2010, publié un communiqué indiquant que le CAL avait, le 17 mars 2010, nommé un nouveau directeur à sa tête et ordonné la suspension temporaire du paiement des retraits partiels ou totaux de tous ses clients ; qu’ARCA PATRIMOINE ne conteste pas avoir continué à placer plus de 500 de ces contrats jusqu’au 28 juillet 2010 ; qu’elle fait en revanche valoir que les contrats qu’elle a placés n’offraient aucune possibilité de retrait partiel ou total ; que son président a exposé à l’audience que, s’autorisant des bonnes relations nouées depuis 2006 avec la direction du CAL, à l’occasion de la participation d’ARCA PATRIMOINE au « run-off » (transfert de contrats) de [une société d’assurance- vie], il avait obtenu de celle-ci, dès la parution du communiqué du 23 mars 2010, des renseignements totalement rassurants sur le sort des contrats français d’ELI, garantis par des actifs cantonnés, et dont le CAL n’avait pour ce motif pas interdit la poursuite du placement ; que les associations souscriptrices de ces contrats (PREGILANCE et RCC) étaient informées des difficultés financières d’ELI ; que d’ailleurs, comme l’avait laissé prévoir le CAL, les reprises ultérieures du portefeuille d’ELI ont préservé les clients concernés de tout préjudice ; que ces explications ont paru à la commission de nature à justifier, dans les circonstances particulières de l’espèce que, jusqu’à l’interdiction intervenue en août, les agents d’ARCA PATRIMOINE aient poursuivi ces ventes sans les accompagner d’une information qui les eût paralysées ; que dans ces conditions le grief 6 doit être écarté ; *** Considérant qu’il résulte de tout ce qui précède que la société ARCA PATRIMOINE a commis plusieurs manquements à ses obligations précontractuelles d’information et de conseil ; qu’en particulier, à la date du contrôle, l’information délivrée au sujet des produits qu’elle commercialisait comportait des lacunes (grief 2) tandis que les renseignements recueillis sur la situation financière de ses clients (grief 3) comme sur leurs connaissances et leur expérience en matière financière (grief 4) étaient insuffisants ; que de même, la présentation, en termes trop généraux, des produits commercialisés ne permettait pas à ses commerciaux de préciser les raisons qui motivaient leurs conseils (grief 5) ; que la commission doit sanctionner significativement cette méconnaissance de la volonté insistante du législateur, encore récemment traduite par l’ordonnance n° 2009-106 du 30 janvier 2009 et par la loi n° 2010-737 du 1er juillet 2010, d’exiger des intermédiaires une formalisation détaillée du conseil, à partir d’informations collectées auprès du client ; que cependant, il y a lieu de prendre en compte le fait que c’est la première fois que ces nouvelles obligations seront sanctionnées ; que la société ARCA PATRIMOINE a entrepris une refonte de ses procédures et documents pour suivre les recommandations
à partir d’informations collectées auprès du client ; que cependant, il y a lieu de prendre en compte le fait que c’est la première fois que ces nouvelles obligations seront sanctionnées ; que la société ARCA PATRIMOINE a entrepris une refonte de ses procédures et documents pour suivre les recommandations du rapport de contrôle ; qu’elle a en outre adressé à l’ACP le 31 juillet 2012, très peu de temps après l’inspection, un rapport de suivi de ses engagements détaillant les régularisations effectuées depuis la fin de la mission de contrôle ; qu’enfin l’unique grief tenant à dissimulation d’une information propre à dissuader des souscriptions est écarté ; que dans ces conditions il y a lieu de prononcer un avertissement et une sanction pécuniaire de 150 000 euros à l’encontre d’ARCA PATRIMOINE ; que la publication intégrale de la présente décision n’étant pas de nature à causer à ARCA PATRIMOINE un préjudice disproportionné, sa demande tendant à ce que cette publication n’ait lieu que sous une forme anonymisée est rejetée ; Autorité de contrôle prudentiel – Commission des sanctions 10 Décision de la Commission des sanctions – procédure no 2012-07 Autorité de contrôle prudentiel – Commission des sanctions 11 Considérant que la société ARCA PATRIMOINE demande que lui soit octroyée une indemnité de 30 000 euros pour couvrir ses frais irrépétibles ; qu’en l’absence de disposition prévoyant un tel remboursement, telle que l’article L. 761-1 du Code de justice administrative applicable à certaines juridictions administratives, cette demande ne peut en tout état de cause qu’être rejetée ; PAR CES MOTIFS DÉCIDE : Article 1er : Il est prononcé un avertissement à l’encontre de la société ARCA PATRIMOINE, ainsi qu’une sanction pécuniaire d’un montant de 150 000 euros. Article 2 : La présente décision sera publiée au registre de l’Autorité de contrôle prudentiel et pourra être consultée au secrétariat de la commission. Article 3 : Les conclusions présentées par la société ARCA PATRIMOINE relatives à l’octroi d’une indemnité de 30 000 euros pour frais irrépétibles sont rejetées. Le Président de la Commission des sanctions [Bruno MARTIN LAPRADE] Conseiller d’État honoraire Cette décision peut faire l’objet d’un recours dans un délai de deux mois à compter de sa notification et dans les conditions prévues à l’article L. 612-16, IV, du Code monétaire et financier.",0,0,0,1,0
